0000-1-8128-01,광운인되기,교필,최종성,,,,
0000-1-1077-01,영어회화,교필,에이미,월,1 ,수,2 
0000-1-1077-02,영어회화,교필,에이미,월,2 ,수,1 
0000-1-1077-03,영어회화,교필,에이미,화,1 ,목,2 
0000-1-1077-04,영어회화,교필,에이미,화,2 ,목,1 
0000-1-1077-05,영어회화,교필,켈리,월,1 ,수,2 
0000-1-1077-06,영어회화,교필,켈리,월,2 ,수,1 
0000-1-1077-07,영어회화,교필,켈리,화,6 ,목,5 
0000-1-1077-08,영어회화,교필,브라이언,월,1 ,수,2 
0000-1-1077-09,영어회화,교필,브라이언,월,2 ,수,1 
0000-1-1077-10,영어회화,교필,브라이언,화,4 ,목,3 
0000-1-1077-11,영어회화,교필,브라이언,화,6 ,목,5 
0000-1-1077-12,영어회화,교필,라이언,월,2 ,수,1 
0000-1-1077-13,영어회화,교필,라이언,화,1 ,목,2 
0000-1-1077-14,영어회화,교필,라이언,화,2 ,목,1 
0000-1-1077-15,영어회화,교필,라이언,화,3 ,목,4 
0000-1-1077-16,영어회화,교필,브라질,월,3 ,수,4 
0000-1-1077-17,영어회화,교필,브라질,월,6 ,수,5 
0000-1-1077-18,영어회화,교필,브라질,수,"7,8,9",,
0000-1-1077-19,영어회화,교필,다우니,월,4 ,수,3 
0000-1-1077-20,영어회화,교필,다우니,월,5 ,수,6 
0000-1-1077-21,영어회화,교필,다우니,금,"3,4",,
0000-1-1077-22,영어회화,교필,다우니,월,"7,8,9",,
0000-1-1077-23,영어회화,교필,로렌,월,4 ,수,3 
0000-1-1077-24,영어회화,교필,로렌,월,6 ,수,5 
0000-1-1077-25,영어회화,교필,로렌,금,"3,4",,
0000-1-1077-26,영어회화,교필,로렌,수,"7,8,9",,
0000-1-1077-27,영어회화,교필,토미,화,3 ,목,4 
0000-1-1077-28,영어회화,교필,토미,화,4 ,목,3 
0000-1-1077-29,영어회화,교필,토미,화,"7,8,9",,
0000-1-1077-30,영어회화,교필,졸지,화,3 ,목,4 
0000-1-1077-31,영어회화,교필,졸지,화,4 ,목,3 
0000-1-1077-32,영어회화,교필,졸지,목,"7,8,9",,
0000-1-1077-33,영어회화,교필,앨런,화,4 ,목,3 
0000-1-1077-34,영어회화,교필,앨런,화,5 ,목,6 
0000-1-1077-35,영어회화,교필,앨런,화,6 ,목,5 
0000-1-1077-36,영어회화,교필,케빈,화,3 ,목,4 
0000-1-1077-37,영어회화,교필,케빈,화,4 ,목,3 
0000-1-1077-38,영어회화,교필,케빈,목,"7,8,9",,
0000-1-1077-39,영어회화,교필,고현아,월,5 ,수,6 
0000-1-1077-40,영어회화,교필,강희원,월,5 ,수,6 
0000-1-1077-41,영어회화,교필,강희원,월,6 ,수,5 
0000-1-1077-42,영어회화,교필,정인주,화,5 ,목,6 
0000-1-1077-43,영어회화,교필,정인주,화,6 ,목,5 
0000-1-1077-44,영어회화,교필,황정미,화,5 ,목,6 
0000-1-1077-45,영어회화,교필,이완,월,"7,8,9",,
0000-1-1077-46,영어회화,교필,고현아,,,,
0000-1-3362-01,대학영어,교필,서현원,월,1 ,수,2 
0000-1-3362-02,대학영어,교필,서현원,월,2 ,수,1 
0000-1-3362-03,대학영어,교필,김채남,월,1 ,수,2 
0000-1-3362-04,대학영어,교필,정현주,월,3 ,수,4 
0000-1-3362-05,대학영어,교필,정현주,월,4 ,수,3 
0000-1-3362-06,대학영어,교필,임효정,월,5 ,수,6 
0000-1-3362-07,대학영어,교필,민주영,월,6 ,수,5 
0000-1-3362-08,대학영어,교필,이나리,월,6 ,수,5 
0000-1-3362-09,대학영어,교필,김미연,화,1 ,목,2 
0000-1-3362-10,대학영어,교필,박미경,화,2 ,목,1 
0000-1-3362-11,대학영어,교필,정유선,화,5 ,목,6 
0000-1-3362-12,대학영어,교필,정유선,화,6 ,목,5 
0000-1-3362-13,대학영어,교필,김효정,금,"1,2",,
0000-1-3362-14,대학영어,교필,정원일,금,"3,4",,
0000-1-3362-15,대학영어,교필,정원일,금,"5,6",,
0000-1-3362-16,대학영어,교필,이창원,금,"5,6",,
7060-1-8297-01,컴퓨팅사고,교필,이우석,화,1 ,목,2 
7060-1-8297-02,컴퓨팅사고,교필,조성수,화,2 ,목,1 
7060-1-8297-03,컴퓨팅사고,교필,조성수,화,3 ,목,4 
7060-1-8297-04,컴퓨팅사고,교필,이종용,화,4 ,목,3 
7070-1-8297-01,컴퓨팅사고,교필,,화,5 ,목,6 
7070-1-8297-02,컴퓨팅사고,교필,,화,6 ,목,5 
7420-1-8297-01,컴퓨팅사고,교필,김탁용,월,1 ,수,2 
7420-1-8297-02,컴퓨팅사고,교필,김탁용,월,2 ,수,1 
7320-1-8297-01,컴퓨팅사고,교필,김탁용,월,3 ,수,4 
7320-1-8297-02,컴퓨팅사고,교필,한진섭,월,4 ,수,3 
7340-1-8297-01,컴퓨팅사고,교필,이윤혁,월,5 ,수,6 
7340-1-8297-02,컴퓨팅사고,교필,,금,"1,2",,
7410-1-8297-01,컴퓨팅사고,교필,한진섭,월,6 ,수,5 
7410-1-8297-02,컴퓨팅사고,교필,,금,"5,6",,
H020-1-8297-01,컴퓨팅사고,교필,안용조,월,3 ,수,4 
H020-1-8297-02,컴퓨팅사고,교필,신영주,월,2 ,수,1 
H020-1-8297-03,컴퓨팅사고,교필,박시내,월,6 ,수,5 
H030-1-8297-01,컴퓨팅사고,교필,조국현,월,3 ,수,4 
H030-1-8297-02,컴퓨팅사고,교필,임재한,화,1 ,목,2 
H030-1-8297-03,컴퓨팅사고,교필,임재한,월,5 ,수,6 
H040-1-8297-01,컴퓨팅사고,교필,김정재,화,1 ,목,2 
H040-1-8297-02,컴퓨팅사고,교필,김정재,화,2 ,목,1 
H040-1-8297-03,컴퓨팅사고,교필,김정재,화,3 ,목,4 
1000-1-8610-01,프로그래밍기초,교필,최강임,화,5 ,목,6 
1000-1-8610-02,프로그래밍기초,교필,이슬기,금,"1,2",,
1000-1-8610-03,프로그래밍기초,교필,이우석,금,"3,4",,
1000-1-8610-04,프로그래밍기초,교필,김대영,금,"3,4",,
1000-1-8610-05,프로그래밍기초,교필,한진섭,금,"5,6",,
6000-1-8610-01,프로그래밍기초,교필,현혜정,월,3 ,수,4 
6000-1-8610-02,프로그래밍기초,교필,한진섭,월,2 ,수,1 
6000-1-8610-03,프로그래밍기초,교필,김정재,월,1 ,수,2 
6000-1-8610-04,프로그래밍기초,교필,이종용,월,4 ,수,3 
6000-1-8610-05,프로그래밍기초,교필,유지우,월,5 ,수,6 
6000-1-8610-06,프로그래밍기초,교필,원일석,수,"7,8,9",,
3000-1-8610-01,프로그래밍기초,교필,손광철,화,1 ,목,2 
3000-1-8610-02,프로그래밍기초,교필,손광철,화,2 ,목,1 
3000-1-8610-03,프로그래밍기초,교필,한현호,화,3 ,목,4 
3000-1-8610-04,프로그래밍기초,교필,김창형,화,4 ,목,3 
3000-1-8610-05,프로그래밍기초,교필,김창형,화,5 ,목,6 
3000-1-8610-06,프로그래밍기초,교필,한현호,화,6 ,목,5 
3000-1-8610-07,프로그래밍기초,교필,문석재,금,"1,2",,
F000-1-8610-01,프로그래밍기초,교필,엄영현,금,"3,4",금,"3,4"
F000-1-8610-02,프로그래밍기초,교필,황치곤,금,"5,6",금,"5,6"
F000-1-8610-03,프로그래밍기초,교필,김보남,월,1 ,수,2 
F000-1-8610-04,프로그래밍기초,교필,김보남,월,2 ,수,1 
F000-1-8610-05,프로그래밍기초,교필,정미아,월,3 ,수,4 
6000-1-8610-06,프로그래밍기초,교필,원일석,수,"7,8,9",,
5000-1-8610-01,프로그래밍기초,교필,롤랜드,월,4 ,수,3 
5000-1-8610-02,프로그래밍기초,교필,롤랜드,월,5 ,수,6 
5000-1-8610-03,프로그래밍기초,교필,롤랜드,월,6 ,수,5 
5000-1-8610-04,프로그래밍기초,교필,문만기,화,1 ,목,2 
5000-1-8610-05,프로그래밍기초,교필,문만기,화,2 ,목,1 
0000-1-5909-01,공학과디자인,교선,유미란,화,3 ,목,4 
0000-1-5909-02,공학과디자인,교선,유미란,화,4 ,목,3 
0000-1-5909-03,공학과디자인,교선,유미란,금,"3,4",,
0000-1-5909-04,공학과디자인,교선,류상현,화,5 ,목,6 
0000-1-5909-05,공학과디자인,교선,류상현,화,6 ,목,5 
0000-1-4283-01,공학교양세미나,교선,김충혁,월,"1,2",,
0000-1-4283-02,공학교양세미나,교선,서영호,화,"3,4",,
0000-1-4711-01,나노과학의세계,교선,김영훈,월,4 ,수,3 
0000-1-5675-01,디지털영상편집,교선,서영호,월,3 ,수,4 
0000-1-5675-02,디지털영상편집,교선,이영훈,화,1 ,목,2 
0000-1-5675-03,디지털영상편집,교선,이영훈,화,2 ,목,1 
0000-1-5675-04,디지털영상편집,교선,김혜경,수,"7,8,9",,
0000-1-7461-01,상상공학과표현,교선,이보용,화,3 ,목,4 
0000-1-7461-02,상상공학과표현,교선,이보용,화,4 ,목,3 
0000-1-5674-01,생활속의과학,교선,김충혁,월,3 ,수,4 
0000-1-5674-02,생활속의과학,교선,김임순,금,"3,4",,
0000-1-5674-03,생활속의과학,교선,김임순,금,"5,6",,
0000-1-5704-01,자연교양세미나,교선,김영희,월,"5,6",,
0000-1-5704-02,자연교양세미나,교선,최종성,수,"5,6",,
0000-1-1659-01,컴퓨터언어,교선,윤소정,월,1 ,수,2 
0000-1-1659-02,컴퓨터언어,교선,윤소정,월,2 ,수,1 
0000-1-3293-01,컴퓨터활용,교선,롤랜드,화,5 ,목,6 
0000-1-3293-02,컴퓨터활용,교선,이종용,화,1 ,목,2 
0000-1-3293-03,컴퓨터활용,교선,정계동,화,2 ,목,1 
0000-1-8118-01,프로그래밍의이해,교선,서영호,월,6 ,수,5 
0000-2-6519-01,3D영상콘텐츠의이해및제작,교선,서영호,,,,
0000-2-6019-01,공학교양심화세미나,교선,이상훈,월,"5,6",,
0000-2-6957-01,디지털사운드제작,교선,고병량,월,5 ,수,6 
0000-2-6957-02,디지털사운드제작,교선,고병량,월,6 ,수,5 
0000-2-6387-01,모바일프로그래밍,교선,김대영,월,3 ,수,4 
0000-2-6387-02,모바일프로그래밍,교선,김대영,월,4 ,수,3 
0000-2-4263-01,미래사회와표준,교선,김충혁,월,5 ,수,6 
0000-2-4263-02,미래사회와표준,교선,김충혁,월,6 ,수,5 
0000-2-7724-01,수학과철학의대화,교선,최종성,화,3 ,목,4 
0000-2-8581-01,인간사회와엔트로피,교선,양재규,수,"7,8,9",,
0000-2-3029-01,인터넷활용,교선,이상훈,화,2 ,목,1 
0000-2-3029-02,인터넷활용,교선,이상훈,화,4 ,목,3 
0000-2-3029-03,인터넷활용,교선,박영수,화,5 ,목,6 
0000-2-3029-04,인터넷활용,교선,박영수,화,6 ,목,5 
0000-2-3029-05,인터넷활용,교선,김진수,금,"5,6",,
0000-2-3029-06,인터넷활용,교선,김진수,금,"7,8,9",,
0000-2-2991-01,자연과학사,교선,조성관,금,"1,2",,
0000-2-2991-02,자연과학사,교선,조성관,금,"3,4",,
0000-2-6020-01,자연교양심화세미나,교선,양재규,화,"5,6",,
0000-2-2993-01,정보화와현대사회,교선,정형원,화,1 ,목,2 
0000-2-8119-01,패러독스와논리,교선,최종성,화,4 ,목,3 
0000-2-2994-01,환경과생태,교선,양재규,월,3 ,수,4 
0000-2-2994-02,환경과생태,교선,양재규,월,4 ,수,3 
0000-2-2994-03,환경과생태,교선,김임순,목,"7,8,9",,
0000-2-7725-01,환경문제의융합적이해,교선,양재규,목,"5,6",,
0000-3-7728-01,디지털사회를위한데이터분석,교선,이강성,월,"5,6",,
0000-3-5765-01,미디어아트,교선,김호준,월,3 ,수,4 
0000-3-5765-02,미디어아트,교선,김호준,월,4 ,수,3 
0000-3-2997-01,산업화와환경오염,교선,현재우,월,1 ,수,2 
0000-3-2997-02,산업화와환경오염,교선,현재우,월,2 ,수,1 
0000-3-8120-01,정보사회와수학,교선,김영희,화,3 ,목,4 
0000-4-7462-01,예술과과학의융합,교선,유진희,금,"1,2",,
0000-1-5914-01,공학적의사소통,교선,장혜진,화,1 ,목,2 
0000-1-5914-02,공학적의사소통,교선,장혜진,화,2 ,목,1 
0000-1-5914-03,공학적의사소통,교선,김문정,월,1 ,수,2 
0000-1-5914-04,공학적의사소통,교선,김문정,월,2 ,수,1 
0000-1-5914-05,공학적의사소통,교선,손미영,월,3 ,수,4 
0000-1-7465-01,공학프레젠테이션과토론,교선,전형철,금,"1,2",,
0000-1-7465-02,공학프레젠테이션과토론,교선,전형철,금,"5,6",,
0000-1-7465-03,공학프레젠테이션과토론,교선,채상우,금,"3,4",,
0000-1-7465-04,공학프레젠테이션과토론,교선,김학현,화,3 ,목,4 
0000-1-7465-05,공학프레젠테이션과토론,교선,김학현,화,4 ,목,3 
0000-1-6523-01,말하기와소통,교선,조영복,화,3 ,목,4 
0000-1-6523-02,말하기와소통,교선,조영복,화,4 ,목,3 
0000-1-6523-03,말하기와소통,교선,임형택,월,1 ,수,2 
0000-1-6523-04,말하기와소통,교선,임형택,월,2 ,수,1 
0000-1-6523-05,말하기와소통,교선,,월,3 ,수,4 
0000-1-6523-06,말하기와소통,교선,,월,4 ,수,3 
0000-1-6523-07,말하기와소통,교선,곽형덕,화,"3,4",,
0000-1-6523-08,말하기와소통,교선,곽형덕,목,"5,6",,
0000-1-6523-09,말하기와소통,교선,손병현,화,"1,2",,
0000-1-6523-10,말하기와소통,교선,전도현,화,5 ,목,6 
0000-1-6523-11,말하기와소통,교선,전도현,화,6 ,목,5 
0000-1-6523-12,말하기와소통,교선,임수경,수,"5,6",,
0000-1-6523-13,말하기와소통,교선,정영호,금,"1,2",,
0000-1-6523-14,말하기와소통,교선,김광섭,월,5 ,수,6 
0000-1-6523-15,말하기와소통,교선,김광섭,월,6 ,수,5 
0000-1-6523-16,말하기와소통,교선,박성현,화,1 ,목,2 
0000-1-6523-17,말하기와소통,교선,김미정,목,"3,4",,
0000-1-6523-18,말하기와소통,교선,박판식,수,"7,8,9",,
0000-1-6518-01,사회속의언어생활,교선,박성현,,,,
0000-1-2337-01,언어의이해,교선,임서현,화,"5,6",,
0000-2-2977-01,생활한문,교선,이지양,월,2 ,수,1 
0000-2-2977-02,생활한문,교선,김지현,화,5 ,목,6 
0000-2-2977-03,생활한문,교선,김지현,화,6 ,목,5 
0000-2-2977-04,생활한문,교선,권민정,월,4 ,수,3 
0000-2-2977-05,생활한문,교선,김기종,금,"3,4",,
0000-2-2977-06,생활한문,교선,여기현,화,2 ,목,1 
0000-2-2977-07,생활한문,교선,이철희,월,"5,6",,
0000-2-6021-01,한국어표현연습,교선,박성현,화,5 ,목,6 
0000-1-5899-01,과학기술윤리,교선,박지희,화,"7,8,9",,
0000-1-5899-02,과학기술윤리,교선,이재유,화,3 ,목,4 
0000-1-5899-03,과학기술윤리,교선,이재유,화,4 ,목,3 
0000-1-0221-01,과학철학의이해,교선,박신화,월,1 ,수,2 
0000-1-0221-02,과학철학의이해,교선,박신화,월,2 ,수,1 
0000-1-3925-01,나의역사,교선,김희교,화,2 ,목,1 
0000-1-8085-01,논리적으로사고하기,교선,김정환,월,"3,4",,
0000-1-8085-02,논리적으로사고하기,교선,박지희,수,"7,8,9",,
0000-1-8085-03,논리적으로사고하기,교선,이지,화,"5,6",,
0000-1-5224-01,동서양신화읽기와변용,교선,고경주,수,"1,2",,
0000-1-3919-01,동양의역사,교선,석미자,목,"7,8,9",,
0000-1-4390-01,문학과영화의만남,교선,정영호,금,"3,4",,
0000-1-5659-01,세계화시대의역사보기,교선,김동찬,월,"7,8,9",,
0000-1-5660-01,유럽의과거와현재,교선,여금미,화,1 ,목,2 
0000-1-2959-01,인간존재의이해,교선,이승준,금,"1,2",,
0000-1-2959-02,인간존재의이해,교선,이지영,수,"7,8,9",,
0000-1-5661-01,인문교양세미나,교선,김정권,목,"7,8,9",,
0000-1-5661-02,인문교양세미나,교선,조정우,월,"3,4",,
0000-1-1794-01,한국문화사,교선,김인호,월,1 ,수,2 
0000-1-5655-01,현대사회와윤리,교선,김상원,화,"7,8,9",,
0000-2-7723-01,공감적소통연구,교선,박지희,금,"3,4",,
0000-2-8123-01,과학기술시대의생명과신체,교선,도승연,화,"7,8,9",,
0000-2-5662-01,동북아근현대사,교선,정애영,화,"3,4",,
0000-2-3937-01,동아시아국제관계사,교선,허부문,수,"5,6",,
0000-2-4050-01,동아시아문학과사회,교선,김일환,화,"5,6",,
0000-2-5368-01,미국의과거와현재,교선,홍종규,금,"1,2",,
0000-2-7727-01,미디어로읽는영어의역사,교선,노진서,월,5 ,수,6 
0000-2-6133-01,세계도시문명사,교선,이향아,월,"3,4",,
0000-2-6018-01,인물로본동양사,교선,김희교,목,"5,6",,
0000-2-5663-01,인물로본한국사,교선,윤성재,화,"1,2",,
0000-2-7726-01,자아의이해와문학치료,교선,도기숙,화,"5,6",,
0000-2-2038-01,종교와문화,교선,박정우,월,3 ,수,4 
0000-2-3932-01,한국근현대사,교선,조정우,수,"3,4",,
0000-2-3932-02,한국근현대사,교선,김정권,화,5 ,목,6 
0000-2-3944-01,한국명작의이해,교선,이현승,금,"1,2",,
0000-3-5658-01,뉴미디어와이미지의활용,교선,서세림,금,"3,4",,
0000-3-6517-01,르네상스문화와과학,교선,차승현,월,"1,2",,
0000-3-8122-01,문예작품으로읽는서양문명사,교선,노진서,화,3 ,목,4 
0000-3-8582-01,역사속의수학,교선,김인호,월,3 ,수,4 
0000-3-6516-01,우리시대의삶과문학,교선,김미정,목,"1,2",,
0000-3-3924-01,자본주의역사,교선,김동혁,목,"1,2",,
0000-3-5665-01,한국과학기술문명사,교선,김인호,월,2 ,수,1 
0000-3-1879-01,현대사상의이해,교선,도승연,화,4 ,목,3 
0000-4-7459-01,과학기술의멀티미디어적상상력,교선,도승연,금,"3,4",,
0000-1-8583-01,글로벌시대의쟁점과현안,교선,김하영,화,"5,6",,
0000-1-8583-02,글로벌시대의쟁점과현안,교선,김하영,월,"1,2",,
0000-1-5901-01,기술경영과마케팅,교선,김찬모,금,"5,6",,
0000-1-5901-02,기술경영과마케팅,교선,이병희,목,"5,6",,
0000-1-0670-01,법과생활,교선,윤진아,화,"3,4",,
0000-1-0670-02,법과생활,교선,박세창,수,"5,6",,
0000-1-0670-03,법과생활,교선,길용원,화,"5,6",,
0000-1-0670-04,법과생활,교선,성준호,목,"5,6",,
0000-1-4282-01,사회과학교양세미나,교선,김일식,화,"1,2",,
0000-1-4282-02,사회과학교양세미나,교선,김백영,화,"5,6",,
0000-1-4282-03,사회과학교양세미나,교선,하마처,목,"3,4",,
0000-1-4061-01,사회봉사2,교선,이대희,토,"5,6",,
0000-1-3948-01,사회학의이해,교선,황현일,수,"3,4",,
0000-1-3948-02,사회학의이해,교선,박치현,목,"3,4",,
0000-1-0806-01,생활속의경제,교선,정행득,수,"5,6",,
0000-1-0806-02,생활속의경제,교선,황일영,금,"3,4",,
0000-1-0806-03,생활속의경제,교선,김일식,화,"7,8,9",,
0000-1-4638-01,생활속의회계와세무,교선,이수욱,월,6 ,수,5 
0000-1-3928-01,성과심리학,교선,이정은,월,"1,2",,
0000-1-3928-02,성과심리학,교선,김종대,월,5 ,수,6 
0000-1-3363-01,세계경제의이해,교선,김일식,월,1 ,수,2 
0000-1-4280-01,시장경제의이해,교선,송영출,금,"5,6",,
0000-1-2982-01,인간심리의이해,교선,안은미,금,"5,6",,
0000-1-2982-02,인간심리의이해,교선,성충모,화,"1,2",,
0000-1-2982-03,인간심리의이해,교선,이국희,월,"7,8,9",,
0000-1-5667-01,정치와현대사회,교선,이인원,금,"5,6",,
0000-1-5667-02,정치와현대사회,교선,최민석,금,"7,8,9",,
0000-1-5908-01,지적재산권과특허,교선,강기봉,금,"3,4",,
0000-1-8832-01,창업사,교선,김정권,월,"3,4",,
0000-1-4723-01,커뮤니케이션입문,교선,주동황,화,"3,4",,
0000-1-4723-02,커뮤니케이션입문,교선,주동황,수,"3,4",,
0000-2-8586-01,21세기동아시아사회의이해,교선,조정우,월,"5,6",,
0000-2-8586-02,21세기동아시아사회의이해,교선,주윤정,목,"3,4",,
0000-2-2981-01,국가와행정,교선,이대희,목,"5,6",,
0000-2-2981-02,국가와행정,교선,서승현,화,"3,4",,
0000-2-2987-01,기업과경영,교선,조규진,금,"5,6",,
0000-2-3730-01,매스컴과현대사회,교선,레이몬드,월,4 ,수,3 
0000-2-3730-02,매스컴과현대사회,교선,이현지,화,"5,6",,
0000-2-5668-01,미국과동북아관계,교선,류경아,금,"3,4",,
0000-2-5668-02,미국과동북아관계,교선,,화,"3,4",,
0000-2-6137-01,범죄와사회,교선,이종화,월,"3,4",,
0000-2-2988-01,법과경제,교선,이기원,금,"3,4",,
0000-2-2988-02,법과경제,교선,박민지,목,"5,6",,
0000-2-2988-03,법과경제,교선,한재경,월,1 ,수,2 
0000-2-3645-01,법과정치,교선,전민규,월,"1,2",,
0000-2-8124-01,법논리학,교선,이춘원,금,"1,2",,
0000-2-5092-01,서비스이론과비즈니스매너,교선,송미애,수,"1,2",,
0000-2-3008-01,조직과리더쉽,교선,손주영,월,3 ,수,4 
0000-2-3008-02,조직과리더쉽,교선,손주영,월,4 ,수,3 
0000-2-3008-03,조직과리더쉽,교선,양건모,화,"5,6",,
0000-2-3008-04,조직과리더쉽,교선,양건모,목,"5,6",,
0000-2-8585-01,지구적으로생각하고지역적으로실천하기,교선,황현일,수,"5,6",,
0000-2-8585-02,지구적으로생각하고지역적으로실천하기,교선,주윤정,목,"1,2",,
0000-2-5090-01,창업과경영,교선,김영주,월,"1,2",,
0000-2-5090-02,창업과경영,교선,김형수,금,"1,2",,
0000-2-5090-03,창업과경영,교선,김형수,금,"3,4",,
0000-2-8588-01,탈성장시대의사회와경제,교선,홍덕화,수,"5,6",,
0000-2-3950-01,현대사회와인권,교선,오창익,화,"1,2",,
0000-2-8587-01,현대한국사회의문제와해법,교선,김백영,화,3 ,목,4 
0000-2-8834-01,법과권리,교선,한재경,월,6 ,수,5 
0000-3-6136-01,경제신문읽기,교선,이은정,목,"3,4",,
0000-3-6136-02,경제신문읽기,교선,이은정,금,"5,6",,
0000-3-4717-01,금융생활의지혜,교선,송영출,,,,
0000-3-5671-01,북한사회의이해,교선,조철호,화,"5,6",,
0000-3-3946-01,여성과남성,교선,도기숙,,,,
0000-3-3946-02,여성과남성,교선,이정은,화,"1,2",,
0000-3-4735-01,자산투자및관리,교선,송향숙,수,"5,6",,
0000-3-4735-02,자산투자및관리,교선,송문섭,금,"5,6",,
0000-3-3240-01,취업전략,교선,김정권,월,"1,2",,
0000-3-3240-02,취업전략,교선,김정권,목,"3,4",,
0000-1-2665-01,기초중국어회화1,교선,성은리,월,5 ,수,6 
0000-1-2665-02,기초중국어회화1,교선,박현곤,월,2 ,수,1 
0000-1-4933-01,기초중국어회화2,교선,전보옥,화,1 ,목,2 
0000-1-4933-02,기초중국어회화2,교선,정소영,월,3 ,수,4 
0000-1-4933-03,기초중국어회화2,교선,곡효운,화,2 ,목,1 
0000-1-4933-04,기초중국어회화2,교선,이명숙,월,6 ,수,5 
0000-1-4933-05,기초중국어회화2,교선,김정인,화,3 ,목,4 
0000-1-4933-06,기초중국어회화2,교선,김정인,화,4 ,목,3 
0000-1-4933-07,기초중국어회화2,교선,김태경,월,5 ,수,6 
0000-1-4933-08,기초중국어회화2,교선,김태경,월,6 ,수,5 
0000-1-4933-09,기초중국어회화2,교선,조미원,월,"7,8,9",,
0000-1-3589-01,독일어1,교선,장진원,화,3 ,목,4 
0000-1-3693-01,독일어2,교선,장진원,화,4 ,목,3 
0000-1-6376-01,러시아어2,교선,덜거르마,금,"3,4",,
0000-1-3812-01,스페인어1,교선,신태식,금,"1,2",,
0000-1-6135-01,스페인어2,교선,남영우,월,5 ,수,6 
0000-1-5688-01,일본문화읽기,교선,권혁인,월,6 ,수,5 
0000-1-5688-02,일본문화읽기,교선,유양근,화,"3,4",,
0000-1-6524-01,일본어듣기와쓰기,교선,권혁인,월,5 ,수,6 
0000-1-6524-02,일본어듣기와쓰기,교선,권혁인,화,3 ,목,4 
0000-1-6525-01,중국어듣기와쓰기,교선,이명숙,월,4 ,수,3 
0000-1-8593-01,중국어입문,교선,이현선,화,5 ,목,6 
0000-1-8593-02,중국어입문,교선,조미원,월,5 ,수,6 
0000-1-3593-01,초급일본어1,교선,이승영,화,3 ,목,4 
0000-1-3593-02,초급일본어1,교선,이승영,화,4 ,목,3 
0000-1-3593-03,초급일본어1,교선,전유나,수,"1,2",,
0000-1-3593-04,초급일본어1,교선,김덕미,월,3 ,수,4 
0000-1-3593-05,초급일본어1,교선,김경화,월,"5,6",,
0000-1-3593-06,초급일본어1,교선,강경완,화,"5,6",,
0000-1-3593-07,초급일본어1,교선,성호현,목,"5,6",,
0000-1-3696-01,초급일본어2,교선,최정아,월,4 ,수,3 
0000-1-3696-02,초급일본어2,교선,최정아,월,6 ,수,5 
0000-1-3696-03,초급일본어2,교선,이승영,수,3 ,화,3 
0000-1-3696-04,초급일본어2,교선,박현정,화,3 ,목,4 
0000-1-3696-05,초급일본어2,교선,최경옥,금,"3,4",,
0000-1-3696-06,초급일본어2,교선,김희성,수,"1,2",,
0000-1-3696-07,초급일본어2,교선,이지은,화,"1,2",,
0000-1-3696-08,초급일본어2,교선,김경수,목,"5,6",,
0000-1-3697-01,프랑스어2,교선,임민지,수,"1,2",,
0000-2-2419-01,HSK연습,교선,나상진,수,"1,2",,
0000-2-5219-01,JPT연습,교선,권혁인,화,4 ,목,3 
0000-2-4052-01,세계문화의이해,교선,이정은,목,"1,2",,
0000-2-4052-02,세계문화의이해,교선,장봄,화,"5,6",,
0000-2-3349-01,스크린일본어,교선,최태화,월,"7,8,9",,
0000-2-3349-02,스크린일본어,교선,"후지무라
마이",금,"3,4",,
0000-2-5367-01,스크린중국어회화,교선,정소영,목,"1,2",,
0000-2-5367-02,스크린중국어회화,교선,곡효운,화,1 ,목,2 
0000-2-5367-03,스크린중국어회화,교선,이명숙,월,3 ,수,4 
0000-2-5689-01,실용일본어문법,교선,이승영,수,4 ,월,1 
0000-2-6526-01,실용중국어문법,교선,곡효운,,,,
0000-2-6023-01,실전일본어회화,교선,"후지무라
마이",월,3 ,수,4 
0000-2-6023-02,실전일본어회화,교선,"후지무라
마이",월,4 ,수,3 
0000-2-6023-03,실전일본어회화,교선,"다와라기
하루미",화,5 ,목,6 
0000-2-6023-04,실전일본어회화,교선,"다와라기
하루미",화,6 ,목,5 
0000-2-8653-01,중국문화지리,교선,전보옥,화,6 ,목,5 
0000-2-6022-01,중국어커뮤니케이션,교선,김수정,월,1 ,수,2 
0000-2-8594-01,현대중국의문화트랜드,교선,곡효운,화,"5,6",,
0000-2-8594-02,현대중국의문화트랜드,교선,박현곤,월,3 ,수,4 
0000-1-6588-01,Jazz Rock Ensemble,교선,노정진,목,"1,2",,
0000-1-3223-01,골프,교선,설수황,목,"3,4",,
0000-1-3223-02,골프,교선,설수황,목,"5,6",,
0000-1-6049-01,교양음악실기1(바이올린),교선,배윤진,월,"5,6",,
0000-1-6054-01,교양음악실기1(클래식기타),교선,유태성,화,"5,6",,
0000-1-6051-01,교양음악실기1(플루트),교선,조선낭,화,"5,6",,
0000-1-0387-01,농구,교선,유정완,화,"3,4",,
0000-1-0387-02,농구,교선,유정완,화,"5,6",,
0000-1-5678-01,대중문화와삶,교선,김서영,월,"7,8,9",,
0000-1-5378-01,댄스스포츠,교선,진지형,월,"3,4",,
0000-1-5378-02,댄스스포츠,교선,진지형,월,"5,6",,
0000-1-8127-01,드로잉,교선,김문석,수,"5,6",,
0000-1-8127-02,드로잉,교선,김문석,목,"5,6",,
0000-1-7730-01,라인댄스,교선,이주원,목,"3,4",,
0000-1-7730-02,라인댄스,교선,이주원,목,"5,6",,
0000-1-0709-01,볼링,교선,구송광,월,"5,6",,
0000-1-0709-02,볼링,교선,정재은,수,"1,2",,
0000-1-5679-01,생활속의사진,교선,권순철,금,"1,2",,
0000-1-0858-01,수영,교선,강지연,수,"3,4",,
0000-1-0858-02,수영,교선,강지연,수,"5,6",,
0000-1-2238-01,스케이팅,교선,정재은,수,"3,4",,
0000-1-2238-02,스케이팅,교선,정재은,수,"5,6",,
0000-1-4081-01,애니메이션의이해,교선,윤지현,금,"1,2",,
0000-1-2437-01,연극의이해,교선,문경연,수,"3,4",,
0000-1-3814-01,영화의이해,교선,김서영,금,"5,6",,
0000-1-3814-02,영화의이해,교선,이종승,화,"5,6",,
0000-1-3814-03,영화의이해,교선,유양근,화,"7,8,9",,
0000-1-5683-01,요가,교선,홍승연,화,"1,2",,
0000-1-5683-02,요가,교선,홍승연,화,"3,4",,
0000-1-5684-01,웰니스트레이닝,교선,백승희,수,"3,4",,
0000-1-5684-02,웰니스트레이닝,교선,성기운,수,"5,6",,
0000-1-1618-01,축구,교선,최경식,수,"3,4",,
0000-1-1618-02,축구,교선,최경식,수,"5,6",,
0000-1-1679-01,탁구,교선,박원일,화,"3,4",,
0000-1-1679-02,탁구,교선,박현애,목,"3,4",,
0000-1-5226-01,한국전통문화와미학,교선,이선영,화,"1,2",,
0000-1-8590-01,현대예술과테크놀로지,교선,김문석,월,"5,6",,
0000-1-8589-01,힙합프로듀싱,교선,김철수,목,"5,6",,
0000-2-6056-01,교양음악실기2(바이올린),교선,배윤진,월,"7,8,9",,
0000-2-7904-01,교양음악실기2(색소폰),교선,노정진,목,"3,4",,
0000-2-6728-01,교양음악실기2(첼로),교선,정연재,월,"5,6",,
0000-2-6729-01,교양음악실기2(클라리넷),교선,안준만,수,"5,6",,
0000-2-6058-01,교양음악실기2(클래식기타),교선,유태성,목,"5,6",,
0000-2-7145-01,교양음악실기2(키보드테크닉),교선,김철수,목,"3,4",,
0000-2-6730-01,교양음악실기2(타악기-난타),교선,김한규,월,"7,8,9",,
0000-2-6057-01,교양음악실기2(플루트),교선,조선낭,목,"5,6",,
0000-2-6948-01,대중음악의역사,교선,김철수,금,"3,4",,
0000-2-6948-02,대중음악의역사,교선,김철수,금,"5,6",,
0000-2-2942-01,미술의이해,교선,김숙영,목,"3,4",,
0000-2-2942-02,미술의이해,교선,이재경,목,"5,6",,
0000-2-6372-01,실내악앙상블2,교선,안준만,수,"7,8,9",,
0000-2-6373-01,아카펠라2,교선,이강성,수,"5,6",,
0000-2-8591-01,영화로푸는수학과삶,교선,김서영,월,"3,4",,
0000-2-5681-01,예술사와과학적시선,교선,김정현,목,"1,2",,
0000-2-3196-01,음악의이해,교선,조선낭,월,5 ,수,6 
0000-2-3196-02,음악의이해,교선,조선낭,월,6 ,수,5 
0000-2-4051-01,인간과예술,교선,김서영,화,"7,8,9",,
0000-2-5680-01,판타지장르와미래학,교선,정관희,목,"3,4",,
0000-2-2968-01,한국의문화유산,교선,김광섭,금,"5,6",,
0000-2-2968-02,한국의문화유산,교선,이지양,월,1 ,수,2 
0000-2-4925-01,현대사회와스포츠,교선,이민섭,수,"5,6",,
0000-2-4925-02,현대사회와스포츠,교선,강지연,목,"7,8,9",,
0000-2-7595-01,현대재즈의역사,교선,노정진,월,3 ,수,4 
0000-2-7595-02,현대재즈의역사,교선,노정진,월,4 ,수,3 
0000-3-5682-01,생활속의디자인,교선,김문석,,,,
0000-3-5657-01,예술작품속의동양사상,교선,김상희,화,4 ,목,3 
0000-3-3200-01,운동과건강,교선,한지영,수,"3,4",,
0000-3-3200-02,운동과건강,교선,김재형,월,"7,8,9",,
0000-3-3200-03,운동과건강,교선,김아람,화,"3,4",,
0000-3-3936-01,유럽의문화유산,교선,한명숙,화,"3,4",,
0000-3-3934-01,포스트모더니즘의이해,교선,강신환,수,"5,6",,
0000-2-4067-01,기초영작문,교선,김미연,화,2 ,목,1 
0000-2-4067-02,기초영작문,교선,이창원,금,"3,4",,
0000-2-3037-01,대학영문법,교선,이일재,,,,
0000-2-3037-02,대학영문법,교선,전봉주,,,,
0000-2-2944-01,스크린영어,교선,다우니,월,3 ,수,4 
0000-2-2944-02,스크린영어,교선,박경임,화,2 ,목,1 
0000-2-5341-01,스포츠영어,교선,브라질,월,4 ,수,3 
0000-2-5341-02,스포츠영어,교선,브라질,금,"1,2",,
0000-2-8598-01,영문독해와문법,교선,이일재,월,3 ,수,4 
0000-2-8597-01,영어발음연습,교선,김용범,화,5 ,목,6 
0000-2-1556-01,중급영어회화,교선,라이언,월,1 ,수,2 
0000-2-1556-02,중급영어회화,교선,앨런,월,3 ,수,4 
0000-2-1556-03,중급영어회화,교선,앨런,월,4 ,수,3 
0000-2-1556-04,중급영어회화,교선,켈리,화,3 ,목,4 
0000-2-1556-05,중급영어회화,교선,케빈,금,"3,4",,
0000-2-8601-01,토익중급,교선,이종국,,,,
0000-3-8599-01,시사토픽과토론,교선,에이미,월,4 ,수,3 
0000-3-8599-02,시사토픽과토론,교선,이은아,화,2 ,목,1 
0000-3-3897-01,에세이영작문,교선,브라이언,화,5 ,목,6 
0000-3-3897-02,에세이영작문,교선,토미,금,"3,4",,
0000-3-8596-01,영미문화읽기,교선,이나리,월,5 ,수,6 
0000-3-8596-02,영미문화읽기,교선,노진서,월,6 ,수,5 
0000-3-8600-01,영어연극연습,교선,케빈,화,1 ,목,2 
0000-3-4650-01,영어프리젠테이션,교선,로렌,월,3 ,수,4 
0000-3-4650-02,영어프리젠테이션,교선,이은아,화,1 ,목,2 
0000-3-4650-03,영어프리젠테이션,교선,이은아,금,"1,2",,
0000-3-4650-04,영어프리젠테이션,교선,조현준,화,"7,8,9",,
0000-3-2696-01,저널리즘영어,교선,박미경,화,1 ,목,2 
0000-3-2696-02,저널리즘영어,교선,손영희,화,3 ,목,4 
0000-3-8602-01,토익고급,교선,최재용,,,,
0000-4-2702-01,비즈니스영어,교선,김채남,월,2 ,수,1 
0000-4-2702-02,비즈니스영어,교선,조현준,화,5 ,목,6 
0000-4-8595-01,취업영어와인터뷰,교선,졸지,화,6 ,목,5 
0000-4-8595-02,취업영어와인터뷰,교선,졸지,금,"5,6",,
0000-4-8595-03,취업영어와인터뷰,교선,토미,화,5 ,목,6 
0000-4-8603-01,토익스피킹,교선,정관희,화,6 ,목,5 
0000-4-8603-02,토익스피킹,교선,최재용,금,"1,2",,
0000-1-5706-01,상상과창조,교선,한양대학교 최수진,,,,
0000-1-6061-01,문화콘텐츠스토리텔링전략,교선,한양대학교 송화,,,,
0000-1-6581-01,문화기술과사회변동,교선,한양대학교 두일철,,,,
0000-1-6997-01,기업경영과비즈니스전략,교선,한양대학교 박준용,,,,
0000-1-7000-01,21세기기업의인재상,교선,광운대학교 김정권,,,,
0000-1-7475-01,생활속의계약과협상,교선,광운대학교 심상렬,,,,
0000-1-7926-01,정보사회학입문,교선,한양대학교 윤영민,,,,
0000-1-8129-01,저작권과스마트폰의이해,교선,건국대학교 정연덕,,,,
0000-1-8833-01,철학과인간가치,교선,한양대학교 정연재,,,,
0000-2-6237-01,음식과세계문화,교선,덕성여자대학교 김건희,,,,
0000-2-6238-01,그린IT의이해,교선,한성대학교 김일민,,,,
0000-2-6579-01,고객관계관리전략,교선,한성대학교 김형수,,,,
0000-2-6580-01,글로벌시대의예술과가치,교선,광운대학교 도승연,,,,
0000-2-6583-01,웰니스와삶의질,교선,세종대학교 김상국,,,,
0000-2-6999-01,색채심리와현대생활,교선,광운대학교 김문석,,,,
0000-2-7473-01,성공하는문화콘텐츠소재개발전략,교선,한양대학교 공정배,,,,
0000-2-7476-01,전략적의사결정과문제해결,교선,광운대학교 박종구,,,,
0000-2-7744-01,나이의문화사,교선,한양대학교 윤성호,,,,
0000-2-0266-01,교육평가,교직,김일혁,월,"1,2",,
0000-2-6966-01,특수교육론,교직,최윤희,수,"1,2",,
0000-2-7471-01,청소년집단상담,교직,최승미,수,"5,6",,
0000-2-7472-01,교육과인간이해,교직,김성길,목,"3,4",,
0000-3-0261-01,교육사회,교직,방재임,월,"5,6",,
0000-3-6026-01,생활지도와상담,교직,박경애,수,"3,4",,
0000-3-6215-01,교과교재연구및지도법(공업),전선,엄미리,월,"3,4",,
0000-3-6217-01,교과교재연구및지도법(상업정보),전선,엄미리,월,"3,4",,
0000-3-6229-01,교직논리및논술(공업),전선,한상인,목,"1,2",,
0000-3-6231-01,교직논리및논술(상업정보),전선,한상인,목,"1,2",,
0000-3-8605-01,다문화교육론,교직,김효선,목,"5,6",,
0000-4-6585-01,교직실무,교직,김석우,수,"7,8",,
0000-4-6732-01,교육봉사활동,교직,최윤희,화,"7,8",,
0000-3-2084-01,군사학1-2,무관,,화,"1,2",,
0000-4-2085-01,군사학2-2,무관,,화,"1,2",,
0000-2-6377-01,사회복지실천론,전선,김고은,수,"3,4",,
0000-2-6378-01,지역사회복지론,전선,구지윤,목,"5,6",,
0000-3-2313-01,사회복지행정론,전선,정세희,화,"3,4",,
0000-3-5953-01,노인복지론,전선,김은경,수,"5,6",,
0000-3-6379-01,사회복지실천기술론,전선,김성연,화,"5,6",,
0000-1-6590-01,경찰정책론,전선,안종하,월,"5,6",,
0000-2-6382-01,경찰연구방법론,전선,권일용,목,"5,6",,
0000-2-6397-01,범죄학,전선,신현주,금,"5,6",,
0000-3-6395-01,한국경찰사,전선,송봉규,월,"7,8,9",,
0000-3-6396-01,범죄예방론,전선,지정우,수,"7,8,9",,
0000-4-6731-01,범죄피해자학,전선,김미숙,금,"1,2",,
H000-2-1244-01,자료구조론,전선,양호경,목,"7,8,9",,
H000-2-7407-01,디자인과공학,전선,류상현,화,"7,8,9",,
H000-2-8580-01,컴퓨터적사고,전선,양호경,목,"5,6",,
H000-3-7826-01,운영체제의이해,전선,차현종,금,"7,8,9",,
H000-3-7827-01,모바일앱프로그래밍,전선,엄영현,수,"7,8,9",,
H000-4-7828-01,데이터베이스기초,전선,차현종,금,"5,6",,
0000-3-8825-01,영상문법,전선,강성률,월,"3,4",,
0000-3-8826-01,MCN비즈니스전략,전선,이희대,월,"5,6",,
0000-1-8827-01,공인노무사입문,전선,최종치,금,"1,2",,
0000-2-0379-01,노동법2,전선,유재관,금,"3,4",,
0000-3-8828-01,노동경제학,전선,,화,"1,2",,
0000-3-8830-01,전산언어학개론,전선,임서현,목,"5,6",,
0000-1-1766-01,프로그램구조론,전선,최정현,화,3 ,목,4 
0000-1-8128-01,광운인되기,교필,최종성,,,,
0000-2-8123-01,과학기술시대의생명과신체,교선,김정아,화,"7,8,9",,
0000-3-7728-01,디지털사회를위한데이터분석,교선,이강성,월,"5,6",,
0000-3-8122-01,문예작품으로읽는서양문명사,교선,노진서,화,3 ,목,4 
0000-2-7727-01,미디어로읽는영어의역사,교선,노진서,월,5 ,수,6 
0000-2-8124-01,법논리학,교선,이춘원,금,"1,2",,
0000-2-7724-01,수학과철학의대화,교선,최종성,화,3 ,목,4 
0000-2-7726-01,자아의이해와문학치료,교선,도기숙,화,"5,6",,
0000-3-8120-01,정보사회와수학,교선,김영희,화,3 ,목,4 
0000-2-8119-01,패러독스와논리,교선,최종성,화,4 ,목,3 
0000-2-7725-01,환경문제의융합적이해,교선,양재규,목,"5,6",,
7420-2-7900-01,미래사회와과학기술,전선,김지연,월,5 ,수,6 
D161-3-8099-01,동아시아환경과에너지정책,전선,윤이숙,월,"5,6",월,"5,6"
7220-4-6898-01,차세대IT특론,전선,신영주,월,3 ,수,4 
6030-3-8505-01,빅데이터기계학습,전선,이진우,월,4 ,수,3 
9060-3-8536-01,캡스톤디자인UX/UI디자인프로토타입,전선,이용주,금,"6,7,8,9",,
7000-3-8536-01,캡스톤디자인UX/UI디자인프로토타입,전선,이용주,금,"6,7,8,9",,
7000-3-3918-01,SCM,전선,진석호,금,"5,6",,
1000-3-3918-01,SCM,전선,진석호,금,"5,6",,
5080-3-3918-01,SCM,전선,진석호,금,"5,6",,
9060-3-7741-01,앱개발이론과실습,전선,정동훈,수,"1,2,3",,
7000-3-7741-01,앱개발이론과실습,전선,정동훈,수,"1,2,3",,
7000-3-6591-01,스마트시스템설계및실습,전선,민상원,목,"5,6",,
H000-3-6591-01,스마트시스템설계및실습,전선,민상원,목,"5,6",,
0000-3-5765-01,미디어아트,교선,이상민,월,3 ,수,4 
0000-3-5765-02,미디어아트,교선,이상민,월,4 ,수,3 
0000-3-8582-01,역사속의수학,교선,김인호,월,3 ,수,4 
0000-2-8597-01,영어발음연습,교선,김용범,화,5 ,목,6 
0000-2-8591-01,영화로푸는수학과삶,교선,김서영,월,"5,6",,
0000-2-8581-01,인간사회와엔트로피,교선,양재규,수,"7,8,9",,
0000-1-8590-01,현대예술과테크놀로지,교선,김문석,화,"5,6",,
0000-2-5090-01,창업과경영,교선,김영주,월,"1,2",,
0000-2-5090-02,창업과경영,교선,김형수,금,"1,2",,
7000-4-8478-01,ICT창업프로젝트와지식재산권,전선,조용천,화,"5,6",,
9030-4-7881-01,창업전략기획,전선,최영훈,금,"3,4",,
5080-3-8606-01,소셜분석과온라인창업,전선,박범철,월,"7,8,9",,
5080-4-7882-01,성공적인창업계획,전선,이현경,월,4 ,수,3 
1000-2-8584-01,창업프로세스와지식재산권,전선,이경학,화,"5,6",,
1000-3-8831-01,기술창업전략및실습,전선,손희상,수,"5,6",,
5000-3-8824-01,핀테크스타트업,전선,임승태,월,"1,2",,
0000-1-8832-01,창업사,교선,김정권,월,"3,4",,
1170-3-5014-01,건축실무,전선,유정호,화,"5,6,7",,
F020-1-8091-01,행정현장의이해,전선,박시진,금,"1,2,3",,
9030-4-7880-01,기상산업정책실무,전선,최영훈,월,"5,6",,
H020-1-2339-03,고급C프로그래밍,전선,김영민,월,1 ,수,2 
0000-2-3932-02,한국근현대사,교선,김정권,화,5 ,목,6 
1140-3-0523-01,무기공업화학,전선,손희상,화,1 ,목,2 
7000-1-3416-10,대학물리및실험2,기필,이영인,월,"3,4",수,4 
0000-2-8834-01,법과권리,교선,한재경,월,6 ,수,5 
7000-1-1640-01,컴퓨터개론,기필,,금,"1,2",,
7000-1-5714-01,고급C프로그래밍및설계,기선,안하은,화,4 ,목,3 
7000-1-3416-01,대학물리및실험2,기필,정용환,월,2 ,수,"1,2"
7000-1-3416-02,대학물리및실험2,기필,백구연,월,2 ,수,"1,2"
7000-1-3416-03,대학물리및실험2,기필,나영호,화,"5,6",목,6 
7000-1-3416-04,대학물리및실험2,기필,이석우,화,"5,6",목,6 
7000-1-3416-05,대학물리및실험2,기필,정난주,화,6 ,목,"5,6"
7000-1-3416-06,대학물리및실험2,기필,구제환,화,6 ,목,"5,6"
7000-1-3416-07,대학물리및실험2,기필,정용환,월,4 ,수,"3,4"
7000-1-3416-08,대학물리및실험2,기필,이재승,월,6 ,수,"5,6"
7000-1-3416-09,대학물리및실험2,기필,백구연,월,"3,4",수,4 
7000-1-3416-10,대학물리및실험2,기필,이영인,월,"3,4",수,4 
7000-1-3416-11,대학물리및실험2,기필,이건준,화,2 ,목,"1,2"
7000-1-3416-12,대학물리및실험2,기필,이건준,화,"1,2",목,2 
7000-1-4627-01,벡터해석학및연습,기선,최종성,화,"7,8,9",,
7000-1-4627-02,벡터해석학및연습,기선,조영경,목,"5,6",,
7000-1-7466-01,대학화학,기선,자디,화,4 ,목,3 
7000-1-7466-02,대학화학,기선,자디,화,5 ,목,6 
7000-1-7466-03,대학화학,기선,이도남,월,6 ,수,5 
7000-1-7466-04,대학화학,기선,이도남,화,2 ,목,1 
7000-1-7466-05,대학화학,기선,이도남,화,3 ,목,4 
7000-2-4970-01,공학수학2,기필,돌지,월,1 ,수,2 
7000-2-4970-02,공학수학2,기필,장정환,월,2 ,수,1 
7000-2-4970-03,공학수학2,기필,이명숙,월,6 ,수,5 
7000-2-4970-04,공학수학2,기필,문명인,화,2 ,목,1 
7000-2-4970-05,공학수학2,기필,민경진,화,5 ,목,6 
7000-2-4970-06,공학수학2,기필,민경진,화,6 ,목,5 
7000-2-4970-07,공학수학2,기필,최윤철,금,"1,2",,
7000-2-4970-08,공학수학2,기필,박경호,금,"3,4",,
7000-2-4970-09,공학수학2,기필,조향감,금,"5,6",,
7000-3-3918-01,SCM,전선,진석호,금,"5,6",,
7000-3-7741-01,앱개발이론과실습,전선,정동훈,수,"1,2,3",,
7000-3-7905-01,공학기술과사회,기선,조용천,목,"5,6",,
7000-3-8291-01,글로벌공학리더십,기선,이경학,월,"5,6",,
7000-3-8536-01,캡스톤디자인UX/UI디자인프로토타입,전선,이용주,금,"6,7,8,9",,
7000-3-6591-01,스마트시스템설계및실습,전선,민상원,목,"5,6",,
7000-3-8300-01,디자인사고와창업전략,전선,이태훈,화,"5,6",,
7000-4-8478-01,ICT창업프로젝트와지식재산권,전선,조용천,화,"5,6",,
7060-1-8297-01,컴퓨팅사고,교필,이우석,화,1 ,목,2 
7060-1-8297-02,컴퓨팅사고,교필,조성수,화,2 ,목,1 
7060-1-8297-03,컴퓨팅사고,교필,조성수,화,3 ,목,4 
7060-1-8297-04,컴퓨팅사고,교필,이종용,화,4 ,목,3 
7060-1-2957-01,공학설계입문,기필,정영욱,금,"5,6",,
7060-1-2957-02,공학설계입문,기필,이지훈,금,"1,2",,
7060-1-3403-01,고급프로그래밍,기선,이규철,월,1 ,수,2 
7060-1-3403-02,고급프로그래밍,기선,이규철,월,5 ,수,6 
7060-1-4626-01,대학수학및연습2,기선,류송분,월,4 ,수,3 
7060-1-4626-02,대학수학및연습2,기선,김현미,월,1 ,수,2 
7060-1-4626-03,대학수학및연습2,기선,유다혜,금,"3,4",,
7060-1-4626-04,대학수학및연습2,기선,박지연,금,"5,6",,
7060-2-0575-01,물리전자2,전선,김복기,화,5 ,목,6 
7060-2-0575-02,물리전자2,전선,이지훈,화,3 ,목,4 
7060-2-0819-01,선형대수학,기선,채형직,월,3 ,수,4 
7060-2-0819-02,선형대수학,기선,채형직,월,4 ,수,3 
7060-2-0819-03,선형대수학,기선,류송분,월,3 ,수,4 
7060-2-1412-01,전자기학2,전선,김복기,월,5 ,수,6 
7060-2-1412-02,전자기학2,전선,김복기,월,6 ,수,5 
7060-2-1647-01,컴퓨터구조,전선,양성현,월,4 ,수,3 
7060-2-1647-02,컴퓨터구조,전선,김영억,금,"5,6",,
7060-2-1996-01,회로이론2,전선,안재혁,화,2 ,목,1 
7060-2-1996-02,회로이론2,전선,서반우,화,1 ,목,2 
7060-2-2004-01,신호및시스템,전선,박호종,월,3 ,수,4 
7060-2-2004-02,신호및시스템,전선,김영억,화,6 ,목,5 
7060-2-4513-01,기초전자회로및실험2,전필,김은수,월,"5,6,7",금,3 
7060-2-4513-02,기초전자회로및실험2,전필,양성현,월,"5,6,7",금,3 
7060-2-4513-03,기초전자회로및실험2,전필,유지상,수,"5,6,7",금,3 
7060-2-4513-04,기초전자회로및실험2,전필,안재혁,수,"5,6,7",금,3 
7060-2-4513-05,기초전자회로및실험2,전필,오태현,금,"5,6,7",금,3
7060-2-4970-01,공학수학2,기필,이재승,금,"1,2",,
7060-2-4970-02,공학수학2,기필,오태현,월,2 ,수,1 
7060-3-0458-01,디지털신호처리,전선,오승준,화,4 ,목,3 
7060-3-0458-02,디지털신호처리,전선,유지상,월,4 ,수,3 
7060-3-1464-01,전자회로2,전선,이상신,화,3 ,목,4 
7060-3-1464-02,전자회로2,전선,어윤성,월,5 ,수,6 
7060-3-1464-03,전자회로2,전선,김정근,월,6 ,수,5 
7060-3-1723-01,통신이론2,전선,김은수,월,3 ,수,4 
7060-3-1723-02,통신이론2,전선,박호종,월,4 ,수,3 
7060-3-4534-01,데이터통신,전선,정영욱,화,4 ,목,3 
7060-3-6529-01,반도체공정및응용,전선,안재혁,월,2 ,수,1 
7060-3-7732-01,전자공학응용실험,전필,박호종,화,"5,6,7",금,4
7060-3-7732-02,전자공학응용실험,전필,어윤성,화,"5,6,7",금,4 
7060-3-7732-03,전자공학응용실험,전필,김남영,목,"5,6,7",금,4 
7060-3-7732-04,전자공학응용실험,전필,이상신,목,"5,6,7",금,4 
7060-3-7732-05,전자공학응용실험,전필,김정근,금,"4,5,6,7",,
7060-3-8056-01,디지털집적회로설계,전선,오태현,월,1 ,수,2 
7060-4-0969-01,알고리즘,전선,이재승,금,"5,6",,
7060-4-4520-01,디지털신호처리및실험,전선,오승준,화,"5,6,7",,
7060-4-4520-02,디지털신호처리및실험,전선,오승준,수,"4,5,6",,
7060-4-4521-01,RFIC설계및실험,전선,김남영,월,"5,6",,
7060-4-4521-02,RFIC설계및실험,전선,김남영,수,"1,2",,
7070-1-8297-01,컴퓨팅사고,교필,,화,5 ,목,6 
7070-1-8297-02,컴퓨팅사고,교필,,화,6 ,목,5 
7070-1-2957-01,공학설계입문,기필,박수원,화,1 ,목,2 
7070-1-2957-02,공학설계입문,기필,박수원,화,2 ,목,1 
7070-1-4626-01,대학수학및연습2,기선,김현미,월,2 ,수,1 
7070-1-4626-02,대학수학및연습2,기선,권윤기,월,3 ,수,4 
7070-2-1412-01,전자기학2,전선,정영철,화,3 ,목,4 
7070-2-2004-01,신호및시스템,전필,최영석,월,6 ,수,5 
7070-2-2004-02,신호및시스템,전필,최영석,월,5 ,수,6 
7070-2-4934-01,회로망해석및설계,전선,정인영,월,4 ,수,3 
7070-2-4935-01,반도체소자,전선,박찬형,화,2 ,목,1 
7070-2-4935-02,반도체소자,전선,정영철,화,1 ,목,2 
7070-2-4970-01,공학수학2,기필,박찬형,월,3 ,수,4 
7070-2-5854-01,기초전자회로설계및실험2,전필,정용진,목,"5,6,7",,
7070-2-5854-02,기초전자회로설계및실험2,전필,민상원,화,"5,6,7",,
7070-2-5854-03,기초전자회로설계및실험2,전필,김화성,금,"0,1,2",,
7070-2-5854-04,기초전자회로설계및실험2,전필,송익환,화,"5,6,7",,
7070-2-5854-05,기초전자회로설계및실험2,전필,장주용,목,"5,6,7",,
7070-2-5857-01,디지털시스템설계및실험,전선,손채봉,금,"5,6,7",,
7070-2-5857-02,디지털시스템설계및실험,전선,손채봉,금,"0,1,2",,
7070-2-7777-01,객체지향프로그래밍,전선,김화성,월,1 ,수,2 
7070-3-0466-01,디지털통신,전선,박수원,화,5 ,목,6 
7070-3-0488-01,마이크로파공학,전선,송익환,월,5 ,수,6 
7070-3-0492-01,마이크로프로세서,전선,정용진,화,4 ,목,3 
7070-3-0875-01,수치해석,기선,장주용,월,4 ,수,3 
7070-3-1110-01,운영체제,전선,김화성,월,2 ,수,1 
7070-3-1464-01,전자회로2,전선,고형화,화,6 ,목,5 
7070-3-1655-01,컴퓨터네트워크,전선,이쉬마노프,화,3 ,목,4 
7070-3-1655-02,컴퓨터네트워크,전선,이쉬마노프,금,"1,2",,
7070-3-5694-01,경력개발과취업전략,전선,정인영,월,"6,7",,
7070-3-5856-01,전자회로설계및실험2,전필,고형화,화,"0,1,2",,
7070-3-5856-02,전자회로설계및실험2,전필,정영철,수,"5,6,7",,
7070-3-5856-03,전자회로설계및실험2,전필,박찬형,수,"5,6,7",,
7070-3-5856-04,전자회로설계및실험2,전필,정인영,목,"0,1,2",,
7070-3-5856-05,전자회로설계및실험2,전필,최영석,화,"0,1,2",,
7070-3-6718-01,예비캡스톤설계,전선,송익환,금,"3,4",,
7070-4-2676-01,멀티미디어공학,전선,장주용,화,3 ,목,4 
7070-4-4936-01,무선통신네트워크,전선,이쉬마노프,화,5 ,목,6 
7420-1-8297-01,컴퓨팅사고,교필,김탁용,월,1 ,수,2 
7420-1-8297-02,컴퓨팅사고,교필,김탁용,월,2 ,수,1 
7420-1-2957-01,공학설계입문,기필,김지연,월,6 ,수,5 
7420-1-4626-01,대학수학및연습2,기필,류송분,금,"5,6",,
7420-1-4626-02,대학수학및연습2,기필,문명인,화,1 ,목,2 
7420-2-1412-01,전자기학2,전선,정용식,월,3 ,수,4 
7420-2-1412-02,전자기학2,전선,정용식,월,4 ,수,3 
7420-2-1996-01,회로이론2,전선,박면주,화,3 ,목,4 
7420-2-1996-02,회로이론2,전선,박면주,화,4 ,목,3 
7420-2-3403-01,고급프로그래밍,전선,이승형,월,1 ,수,2 
7420-2-4513-01,기초전자회로및실험2,전필,박면주,목,"5,6,7",,
7420-2-4513-02,기초전자회로및실험2,전필,이승형,화,"5,6,7",,
7420-2-4513-03,기초전자회로및실험2,전필,김진영,금,"0,1,2",,
7420-2-4513-04,기초전자회로및실험2,전필,심준섭,월,"0,1,2",,
7420-2-4970-01,공학수학2,기필,임한상,월,2 ,수,1 
7420-2-6892-01,반도체소자2,전선,김정현,화,2 ,목,1 
7420-2-6892-02,반도체소자2,전선,김정현,화,1 ,목,2 
7420-2-7900-01,미래사회와과학기술,전선,김지연,월,5 ,수,6 
7420-3-0458-01,디지털신호처리,전선,김형국,월,4 ,수,3 
7420-3-0458-02,디지털신호처리,전선,김형국,월,5 ,수,6 
7420-3-0466-01,디지털통신,전선,양훈기,화,3 ,목,4 
7420-3-1160-01,응용수치해석,전선,이병제,화,5 ,목,6 
7420-3-1160-02,응용수치해석,전선,이병제,화,6 ,목,5 
7420-3-1464-01,전자회로2,전선,신현철,월,3 ,수,4 
7420-3-1655-01,컴퓨터네트워크,전선,이승형,월,2 ,수,1 
7420-3-5263-01,초고주파응용,전선,최진주,화,4 ,목,3 
7420-3-5270-01,임베디드소프트웨어,전선,심준섭,금,"3,4",,
7420-3-7410-01,전자회로및실험,전필,신현철,수,"0,1,2",,
7420-3-7410-02,전자회로및실험,전필,양훈기,화,"0,1,2",,
7420-3-7410-03,전자회로및실험,전필,김형국,목,"0,1,2",,
7420-3-7410-04,전자회로및실험,전필,정용식,월,"5,6,7",,
7420-4-4165-01,캡스톤설계2,전선,김종헌,금,"1,2",,
7420-4-6895-01,통신융합시스템,전선,김진영,금,"5,6",,
7420-4-6896-01,자동차전자,전선,임한상,월,1 ,수,2 
7420-4-7411-01,전파융합시스템실험,전선,이병제,화,"0,1,2",,
7420-4-7411-02,전파융합시스템실험,전선,최진주,수,"5,6,7",,
7420-4-7442-01,의료전자공학,전선,심준섭,화,5 ,목,6 
7320-1-8297-01,컴퓨팅사고,교필,김탁용,월,3 ,수,4 
7320-1-8297-02,컴퓨팅사고,교필,한진섭,월,4 ,수,3 
7320-1-4626-01,대학수학및연습2,기필,백혜숙,화,3 ,목,4 
7320-1-4626-02,대학수학및연습2,기필,강영옥,화,1 ,목,2 
7320-2-1412-01,전자기학2,전선,허돈,월,5 ,수,6 
7320-2-1996-01,회로이론2,전필,최주엽,월,1 ,수,2 
7320-2-1996-02,회로이론2,전필,이태훈,화,2 ,목,1 
7320-2-4286-01,마이크로프로세서응용설계,전선,이기백,금,"3,4",,
7320-2-4286-02,마이크로프로세서응용설계,전선,이기백,금,"5,6",,
7320-2-4970-01,공학수학2,기선,허돈,월,6 ,수,5 
7320-2-6234-01,전자회로기초,전선,안창범,화,6 ,목,5 
7320-2-6234-02,전자회로기초,전선,김형석,금,"1,2",,
7320-2-6901-01,교류및전자회로실험,전필,홍진웅,화,"5,6,7",,
7320-2-6901-02,교류및전자회로실험,전필,안창범,금,"0,1,2",,
7320-2-6901-03,교류및전자회로실험,전필,이건영,목,"5,6,7",,
7320-2-6901-04,교류및전자회로실험,전필,김형석,수,"0,1,2",,
7320-2-6901-05,교류및전자회로실험,전필,이정훈,목,"0,1,2",,
7320-3-1284-01,전기공학세미나,전선,이기백,목,7 ,,
7320-3-1294-01,전기기계2,전선,정승기,월,4 ,수,3 
7320-3-1360-01,전력전자공학,전선,정승기,월,6 ,수,5 
7320-3-1524-01,제어공학2,전선,이건영,월,5 ,수,6 
7320-3-2004-01,신호및시스템,전선,안창범,화,4 ,목,3 
7320-3-2008-01,전기설비공학,전선,홍진웅,월,3 ,수,4 
7320-3-4053-01,전력기기실험,전필,정승기,수,"0,1,2",,
7320-3-4053-02,전력기기실험,전필,이흥재,화,"0,1,2",,
7320-3-4053-03,전력기기실험,전필,최주엽,금,"0,1,2",,
7320-3-4053-04,전력기기실험,전필,송승호,금,"5,6,7",,
7320-3-4863-01,실시간시스템설계,전선,송승호,월,2 ,수,1 
7320-4-1353-01,전력응용공학,전선,김귀열,화,"5,6",,
7320-4-3855-01,아날로그시스템설계,전선,최주엽,월,2 ,수,1 
7320-4-4163-01,캡스톤설계,전선,이기백,목,"5,6",,
7320-4-6244-01,전기재료및반도체공학,전선,이정훈,화,4 ,목,3 
7320-4-6245-01,스마트그리드운용,전선,이흥재,화,3 ,목,4 
7320-4-6535-01,공학도구와시스템설계,전선,이건영,월,6 ,수,5 
7320-4-6903-01,전력경제학,전선,허돈,금,"1,2",,
7340-1-8297-01,컴퓨팅사고,교필,이윤혁,월,5 ,수,6 
7340-1-8297-02,컴퓨팅사고,교필,정영욱,금,"1,2",,
7340-1-2957-01,공학설계입문,기필,오종민,화,1 ,목,2 
7340-1-4626-01,대학수학및연습2,기필,유다혜,금,"1,2",,
7340-1-4626-02,대학수학및연습2,기필,최문자,화,3 ,목,4 
7340-1-1436-01,전자재료공학개론,전선,오종민,화,2 ,목,1 
7340-2-0019-01,C프로그래밍,기선,서영호,월,2 ,수,1 
7340-2-0454-01,디지털논리회로2,전선,서영호,월,5 ,수,6 
7340-2-0575-01,물리전자2,전필,이영희,월,3 ,수,4 
7340-2-0575-02,물리전자2,전필,이대석,월,3 ,수,4 
7340-2-1412-01,전자기학2,전선,황인찬,월,4 ,수,3 
7340-2-1996-01,회로이론2,전선,하태준,월,6 ,수,5 
7340-2-3587-01,기초회로실험및설계2,전필,하재근,목,"5,6,7",,
7340-2-3587-02,기초회로실험및설계2,전필,구상모,화,"5,6,7",,
7340-2-4627-01,벡터해석학및연습,기선,최윤철,월,6 ,수,5 
7340-2-5714-01,고급C프로그래밍및설계,기선,서영호,월,1 ,수,2 
7340-2-5714-02,고급C프로그래밍및설계,기선,남기현,화,2 ,목,1 
7340-3-0186-01,고체물리2,전선,황인찬,월,6 ,수,5 
7340-3-1464-01,전자회로2,전선,김동욱,월,3 ,수,4 
7340-3-3835-01,디스플레이공학,전선,하태준,월,5 ,수,6 
7340-3-3856-01,진공공학2,전선,김진영,화,3 ,목,4 
7340-3-4865-01,전자재료물성실험및설계2,전필,조원주,금,"5,6,7",,
7340-3-4865-02,전자재료물성실험및설계2,전필,하태준,금,"0,1,2",,
7340-3-5863-01,반도체소자공학2,전선,구상모,월,4 ,수,3 
7340-3-5864-01,재료상평형,전선,하재근,화,4 ,목,3 
7340-4-0717-01,분석기기론,전선,김진영,화,4 ,목,3 
7340-4-4165-01,캡스톤설계2,전선,하재근,화,"5,6",,
7340-4-4165-02,캡스톤설계2,전선,조원주,금,"3,4",,
7340-4-4165-03,캡스톤설계2,전선,구상모,수,"5,6",,
7340-4-4165-04,캡스톤설계2,전선,황인찬,금,"3,4",,
7340-4-5010-01,전자재료공정실험및설계2,전선,김진영,수,"0,1,2",,
7340-4-5010-02,전자재료공정실험및설계2,전선,김진영,수,"8,9,10,11",,
7340-4-5010-03,전자재료공정실험및설계2,전선,김동욱,월,"0,1,2",,
7340-4-5010-04,전자재료공정실험및설계2,전선,김동욱,월,"8,9,10,11",,
7340-4-5867-01,반도체공정2,전선,조원주,화,3 ,목,4 
7340-4-7733-01,에너지소자공학,전선,이대석,화,2 ,목,1 
7410-1-8297-01,컴퓨팅사고,교필,한진섭,월,6 ,수,5 
7410-1-8297-02,컴퓨팅사고,교필,정영욱,금,"5,6",,
7410-1-4626-01,대학수학및연습2,기필,강영옥,화,2 ,목,1 
7410-1-4626-02,대학수학및연습2,기필,권윤기,월,4 ,수,3 
7410-1-6241-01,로봇학입문,기선,양우성,화,4 ,목,3 
7410-2-1647-01,컴퓨터구조,전선,박일우,화,3 ,목,4 
7410-2-2004-01,신호및시스템,전선,최용훈,화,4 ,목,3 
7410-2-4041-01,메카니즘해석,전선,조황,월,4 ,수,3 
7410-2-4540-01,회로및시스템,전선,백주훈,월,3 ,수,4 
7410-2-3403-01,고급프로그래밍,기필,정문호,월,6 ,수,5 
7410-2-3679-01,자바프로그래밍,기필,박광현,월,6 ,수,5 
7410-2-6246-01,로봇학실험2,전필,박광현,금,"0,1,2",,
7410-2-6246-02,로봇학실험2,전필,백주훈,목,"0,1,2",,
7410-2-6246-03,로봇학실험2,전필,박일우,화,"0,1,2",,
7410-2-6367-01,상상로봇비평,전선,김진오,월,5 ,수,6 
7410-3-1462-01,전자회로,전선,서한석,화,"5,6",,
7410-3-1527-01,제어시스템설계,전선,백주훈,월,5 ,수,6 
7410-3-1655-01,컴퓨터네트워크,전선,최용훈,화,3 ,목,4 
7410-3-1942-01,확률및통계,기선,김태균,화,2 ,목,1 
7410-3-5694-01,경력개발과취업전략,전선,박일우,월,"6,7",,
7410-3-6539-01,로봇학실험4,전필,조황,금,"5,6,7,8",,
7410-3-6539-02,로봇학실험4,전필,최용훈,수,"0,1,2",,
7410-3-6539-03,로봇학실험4,전필,양우성,월,"0,1,2",,
7410-3-8089-01,로봇제어,전필,양우성,화,"7,8,9",,
7410-3-8490-01,로봇게임세미나17-2,전선,김진오,수,"7,8,9",,
7410-4-4163-01,캡스톤설계,전선,최용훈,화,"6,7,8",,
7410-4-5474-01,컴퓨터비전,전선,정문호,월,4 ,수,3 
7410-4-6905-01,로봇설계,전선,이용권,금,"5,6",,
H000-1-3416-01,대학물리및실험2,기필,정용환,수,2 ,금,"1,2"
H000-1-3416-02,대학물리및실험2,기필,구제환,화,"3,4",목,4 
H000-1-3416-03,대학물리및실험2,기필,이석우,화,"3,4",목,4 
H000-1-3416-04,대학물리및실험2,기필,이영인,월,6 ,수,"5,6"
H000-1-3417-01,대학화학및실험2,기필,최한,월,2 ,금,"1,2"
H000-1-3417-02,대학화학및실험2,기필,권기학,화,6 ,목,"5,6"
H000-1-4627-01,벡터해석학및연습,기선,돌지,월,2 ,수,1 
H000-1-4627-02,벡터해석학및연습,기선,최윤철,월,3 ,수,4 
H000-3-6591-01,스마트시스템설계및실습,전선,민상원,목,"5,6",,
H000-2-1244-01,자료구조론,전선,양호경,목,"7,8,9",,
H000-2-7407-01,디자인과공학,전선,류상현,화,"7,8,9",,
H000-2-8580-01,컴퓨터적사고,전선,양호경,목,"5,6",,
H000-3-7826-01,운영체제의이해,전선,차현종,금,"7,8,9",,
H000-3-7827-01,모바일앱프로그래밍,전선,엄영현,수,"7,8,9",,
H000-4-7828-01,데이터베이스기초,전선,차현종,금,"5,6",,
H020-1-8297-01,컴퓨팅사고,교필,안용조,월,3 ,수,4 
H020-1-8297-02,컴퓨팅사고,교필,신영주,월,2 ,수,1 
H020-1-8297-03,컴퓨팅사고,교필,박시내,월,6 ,수,5 
H020-1-2957-01,공학설계입문,기선,김순협,화,2 ,목,1 
H020-1-4626-01,대학수학및연습2,기필,조향감,금,"1,2",,
H020-1-4626-02,대학수학및연습2,기필,백혜숙,화,4 ,목,3 
H020-1-4626-03,대학수학및연습2,기필,김영희,화,6 ,목,5 
H020-1-2339-01,고급C프로그래밍,전선,신영주,월,4 ,수,3 
H020-1-2339-02,고급C프로그래밍,전선,박철수,화,6 ,목,5 
H020-1-2339-03,고급C프로그래밍,전선,김영민,월,1 ,수,2 
7220-2-0454-01,디지털논리회로2,전필,이준환,화,6 ,목,5 
7220-2-0454-02,디지털논리회로2,전필,김영민,월,4 ,수,3 
7220-2-1186-01,이산수학,기선,최기호,금,"4,5",,
7220-2-1462-01,전자회로,전선,공진흥,월,6 ,수,5 
7220-2-3703-01,데이터구조설계,전필,이기훈,월,3 ,수,4 
7220-2-3712-01,데이터구조실습,전선,이기훈,화,"3,4",,
7220-2-3712-02,데이터구조실습,전선,이성원,금,"0,1",,
7220-2-3712-03,데이터구조실습,전선,이준환,목,"3,4",,
7220-2-3712-04,데이터구조실습,전선,박철수,수,"0,1",,
7220-2-4530-01,어셈블리프로그램설계및실습,전선,이형근,월,5 ,수,"6,7"
7220-2-4530-02,어셈블리프로그램설계및실습,전선,이준환,화,5 ,목,"6,7"
7220-2-8087-01,컴퓨터공학기초실험2,전선,공진흥,금,"5,6,7",,
7220-2-8087-02,컴퓨터공학기초실험2,전선,이혁준,목,"0,1,2",,
7220-2-8087-03,컴퓨터공학기초실험2,전선,이형근,화,"0,1,2",,
7220-3-0458-01,디지털신호처리,전선,심동규,월,4 ,수,3 
7220-3-0492-01,마이크로프로세서,전선,이성원,화,4 ,목,3 
7220-3-0875-01,수치해석,기선,심동규,화,5 ,목,6 
7220-3-0969-01,알고리즘,전선,이혁준,화,6 ,목,5 
7220-3-1110-01,운영체제,전필,김태석,월,2 ,수,1 
7220-3-3659-01,운영체제실습,전선,김태석,금,"3,4",,
7220-3-3659-02,운영체제실습,전선,김영민,금,"5,6",,
7220-3-5694-01,경력개발과취업전략,전선,박철수,월,"6,7",,
7220-3-5860-01,데이터통신설계,전선,이형근,월,3 ,수,4 
7220-3-6387-01,모바일프로그래밍,전선,김태석,금,"1,2",,
7220-3-6532-01,임베디드시스템H/W설계및실험,전선,공진흥,월,5 ,수,"6,7"
7220-4-4163-01,캡스톤설계,전선,이기훈,금,"1,2",,
7220-4-4181-01,데이터베이스및응용,전선,이기훈,월,5 ,수,6 
7220-4-6897-01,Human Computer Interaction,전선,이성원,화,6 ,목,5 
7220-4-6898-01,차세대IT특론,전선,신영주,월,3 ,수,4 
H030-1-8297-01,컴퓨팅사고,교필,조국현,월,3 ,수,4 
H030-1-8297-02,컴퓨팅사고,교필,임재한,화,1 ,목,2 
H030-1-8297-03,컴퓨팅사고,교필,임재한,월,5 ,수,6 
H030-1-2957-01,공학설계입문,기선,임재한,금,"3,4",,
H030-1-2957-02,공학설계입문,기선,이윤구,월,6 ,수,5 
H030-1-4626-01,대학수학및연습2,기선,조향감,월,1 ,수,2 
H030-1-4626-02,대학수학및연습2,기선,최문자,화,4 ,목,3 
H030-1-4626-03,대학수학및연습2,기선,박경호,금,"1,2",,
H030-1-5714-01,고급C프로그래밍및설계,기필,이강훈,화,5 ,목,6 
H030-1-5714-02,고급C프로그래밍및설계,기필,이윤상,화,2 ,목,1 
H030-1-5714-03,고급C프로그래밍및설계,기필,이윤상,월,4 ,수,3 
7260-2-0819-01,선형대수학,기선,김상목,월,6 ,수,5 
7260-2-0819-02,선형대수학,기선,김상목,월,5 ,수,6 
7260-2-1243-01,자료구조,전필,박병준,화,5 ,목,6 
7260-2-1243-02,자료구조,전필,김용혁,화,5 ,목,6 
7260-2-1243-03,자료구조,전필,김용혁,화,6 ,목,5 
7260-2-1762-01,프로그래밍언어,전선,엄영현,금,"5,6",,
7260-2-1762-02,프로그래밍언어,전선,최강임,화,4 ,목,3 
7260-2-3395-01,시스템소프트웨어,전선,이동호,월,3 ,수,4 
7260-2-3395-02,시스템소프트웨어,전선,안우현,월,3 ,수,4 
7260-2-8486-01,시스템소프트웨어실습,전필,김용혁,월,"0,1,2",,
7260-2-8486-02,시스템소프트웨어실습,전필,조국현,금,"0,1,2",,
7260-2-8486-03,시스템소프트웨어실습,전필,이동호,수,"0,1,2",,
7260-2-8487-01,오픈소스소프트웨어개발,전선,이윤상,금,"1,2",,
7260-3-0875-01,수치해석,기선,최민규,화,4 ,목,3 
7260-3-1196-01,인공지능,전선,박병준,월,5 ,수,6 
7260-3-1196-02,인공지능,전선,박병준,월,6 ,수,5 
7260-3-1655-01,컴퓨터네트워크,전선,최웅철,월,5 ,수,6 
7260-3-1655-02,컴퓨터네트워크,전선,최웅철,월,6 ,수,5 
7260-3-1765-01,프로그래밍언어론,전선,최영근,월,1 ,수,2 
7260-3-1765-02,프로그래밍언어론,전선,최영근,월,2 ,수,1 
7260-3-3458-01,데이터베이스응용,전선,김우생,화,1 ,목,2 
7260-3-3951-01,컴퓨터그래픽스,전선,최민규,화,2 ,목,1 
7260-3-5266-01,심화전공실습1,전선,안우현,화,"5,6,7",,
7260-3-5266-02,심화전공실습1,전선,이강훈,금,"5,6,7",,
7260-3-5266-03,심화전공실습1,전선,이윤구,목,"5,6,7",,
7260-3-6387-01,모바일프로그래밍,전선,안우현,월,4 ,수,3 
7260-3-7412-01,디지털영상처리,전선,이윤구,월,3 ,수,4 
7260-4-3874-01,최신정보보안이론,전선,유황빈,금,"1,2",,
7260-4-4165-01,캡스톤설계2,전선,조국현,월,2 ,수,1 
7260-4-4165-02,캡스톤설계2,전선,김우생,화,2 ,목,1 
7260-4-4262-01,차세대네트워크응용,전선,이동호,월,5 ,수,6 
7260-4-4858-01,가상현실,전선,이강훈,화,6 ,목,5 
H040-1-4002-01,통계학개론,기선,이명숙,금,"3,4",,
H040-1-4002-02,통계학개론,기선,김창규,금,"3,4",,
H040-1-4626-01,대학수학및연습2,기필,권윤기,월,5 ,수,6 
H040-1-4626-02,대학수학및연습2,기필,최현옥,월,6 ,수,5 
H040-1-4626-03,대학수학및연습2,기필,최현옥,월,5 ,수,6 
H040-1-8297-01,컴퓨팅사고,교필,김정재,화,1 ,목,2 
H040-1-8297-02,컴퓨팅사고,교필,김정재,화,2 ,목,1 
H040-1-8297-03,컴퓨팅사고,교필,차영화,화,3 ,목,4 
H040-1-5714-01,고급C프로그래밍및설계,기필,이윤혁,화,3 ,목,4 
H040-1-5714-02,고급C프로그래밍및설계,기필,이윤혁,화,4 ,목,3 
H040-1-5714-03,고급C프로그래밍및설계,기필,안하은,화,6 ,목,5 
1000-1-4627-01,벡터해석학및연습,기선,최종성,금,"1,2",,
1000-1-8610-01,프로그래밍기초,교필,최강임,화,5 ,목,6 
1000-1-8610-02,프로그래밍기초,교필,이슬기,금,"1,2",,
1000-1-8610-03,프로그래밍기초,교필,이우석,금,"3,4",,
1000-1-8610-04,프로그래밍기초,교필,김대영,금,"3,4",,
1000-1-8610-05,프로그래밍기초,교필,한진섭,금,"5,6",,
1000-2-8584-01,창업프로세스와지식재산권,전선,이경학,화,"5,6",,
1000-3-3918-01,SCM,전선,진석호,금,"5,6",,
1000-3-7905-01,공학기술과사회,기선,조용천,목,"5,6",,
1000-3-8291-01,글로벌공학리더십,기선,이경학,월,"5,6",,
1000-3-8831-01,기술창업전략및실습,전선,손희상,수,"5,6",,
1140-1-2957-01,공학설계입문,기필,김영훈,월,6 ,수,5 
1140-1-3417-01,대학화학및실험2,기필,박세규,월,2 ,수,"1,2"
1140-1-3417-02,대학화학및실험2,기필,손희상,월,2 ,수,"1,2"
1140-1-4626-01,대학수학및연습2,기필,박정준,월,3 ,수,4 
1140-1-4626-02,대학수학및연습2,기필,박정준,월,4 ,수,3 
1140-1-6527-01,대학생물및실험,기선,이택,월,"5,6,7",,
1140-2-0586-01,물리화학,전필,윤도영,월,2 ,수,1 
1140-2-1136-01,유기화학2,전선,김대흠,월,4 ,수,3 
1140-2-2875-01,생명공학,전선,이택,금,"3,4",,
1140-2-4941-01,화공기초이론및실험2,전필,최중소,목,"5,6,7",,
1140-2-4941-02,화공기초이론및실험2,전필,김영훈,금,"0,1,2",,
1140-2-4941-03,화공기초이론및실험2,전필,박세규,화,"5,6,7",,
1140-2-4970-01,공학수학2,기선,최중소,금,"5,6",,
1140-2-5015-01,에너지공학개론,전선,박세규,화,2 ,목,1 
1140-3-0213-01,공정제어,전선,고재욱,월,1 ,수,2 
1140-3-0523-01,무기공업화학,전선,손희상,화,1 ,목,2 
1140-3-2009-01,열전달,전선,윤도영,월,4 ,수,3 
1140-3-2081-01,화공열역학2,전선,김영훈,월,2 ,수,1 
1140-3-2091-01,반응공학2,전선,손희상,화,2 ,목,1 
1140-3-4942-01,단위조작이론및실험2,전필,고재욱,목,"5,6,7",,
1140-3-4942-02,단위조작이론및실험2,전필,윤도영,화,"5,6,7",,
1140-3-4942-03,단위조작이론및실험2,전필,손희상,금,"0,1,2",,
1140-3-5480-01,산업생물공학,전선,박철환,월,6 ,수,5 
1140-4-0395-01,단위조작,전선,박세규,화,4 ,목,3 
1140-4-1128-01,유기공업화학,전선,김대흠,월,6 ,수,5 
1140-4-3559-01,친환경소재공학,전선,최중소,금,"1,2",,
1140-4-4165-01,캡스톤설계2,전선,박철환,화,"5,6,7",,
1140-4-4943-01,화학공정이론및실험,전선,김대흠,목,"0,1,2",,
1140-4-4943-02,화학공정이론및실험,전선,박철환,화,"0,1,2",,
1140-4-4944-01,안전공학,전선,고재욱,월,2 ,수,1 
1160-1-3417-01,대학화학및실험2,기필,최한,월,"1,2",수,2 
1160-1-4626-01,대학수학및연습2,기선,채형직,월,5 ,수,6 
1160-2-1960-01,환경유기화학,전선,장민,금,"5,6",,
1160-2-3131-01,환경반응공학,전선,장윤영,화,"3,4",,
1160-2-4879-01,지반환경오염해석,전선,최상일,월,3 ,수,4 
1160-2-5485-01,환경분석실험,전선,장민,수,"5,6,7",,
1160-2-8494-01,환경전산프로그래밍및실습,전선,유경선,화,"5,6",,
1160-2-8495-01,환경경제학,전선,유경선,목,"5,6",,
1160-3-0404-01,대기오염방지시설설계,전선,유경선,목,"3,4",,
1160-3-0861-01,수질관리,전필,이영수,금,"3,4",,
1160-3-1749-01,폐기물처리시설설계,전선,김남찬,월,"5,6",,
1160-3-5018-01,생물학적수처리,전필,김충곤,목,"5,6",,
1160-3-5020-01,환경공정실험,전선,최상일,화,"3,4,5",,
1160-3-5694-01,경력개발과취업전략,전선,이영수,화,"6,7",,
1160-3-8497-01,환경플랜트실무,전선,,금,"5,6",,
1160-4-3139-01,폐기물관리,전선,김남찬,수,"5,6",,
1160-4-3139-02,폐기물관리,전선,강윤민,금,"1,2",,
1160-4-4163-01,캡스톤설계,전선,이영수,월,"5,6",,
1160-4-8500-01,환경Issue발표및연습,전선,이영수,금,"5,6",,
1170-1-1942-01,확률및통계,기선,이명숙,월,5 ,수,6 
1170-1-2957-01,공학설계입문,기필,최창호,월,"2,3",,
1170-1-2957-02,공학설계입문,기필,최창호,화,"2,3",,
1170-1-3416-01,대학물리및실험2,기필,구제환,화,4 ,목,"3,4"
1170-1-4625-01,대학수학및연습1,기필,장정환,월,1 ,수,2 
1170-2-0052-01,건설공법및실습,전선,유정호,월,"5,6,7",,
1170-2-0277-01,구조역학2,전선,양원직,목,"1,2,3",,
1170-2-2056-01,건축환경2,전필,이현우,화,"1,2",,
1170-2-3859-01,건축사,전선,박소람,금,"1,2",,
1170-2-4940-01,건축설계및도서작성2,전선,이현우,금,"5,6,7,8",,
1170-2-4940-02,건축설계및도서작성2,전선,김성원,금,"5,6,7,8",,
1170-2-4940-03,건축설계및도서작성2,전선,홍건식,금,"5,6,7,8",,
1170-2-4969-01,공학수학1,기필,김재요,월,4 ,수,3 
1170-3-1591-01,철골구조,전필,김재요,월,"1,2",,
1170-3-2928-01,철근콘크리트구조2,전선,양원직,목,"5,6",,
1170-3-3550-01,건축환경조절시스템,전선,이현우,수,"1,2",,
1170-3-3551-01,건축설비2,전선,최창호,월,"5,6",,
1170-3-3555-01,건축공정관리,전선,김창덕,수,"4,5",,
1170-3-5014-01,건축실무,전선,유정호,화,"5,6,7",,
1170-3-5339-01,건축계획및법규2,전선,박소람,금,"3,4",,
1170-3-5340-01,건설경영개론,전선,유정호,화,"3,4",,
1170-4-7415-01,건축공학캡스톤설계2,전선,김재요,목,"3,4,5,6",,
1270-1-3699-01,기초설계2,전필,신유진,월,"3,4,5,6",목,"3,4,5,6"
1270-1-3699-02,기초설계2,전필,이강민,월,"3,4,5,6",목,"3,4,5,6"
1270-1-3699-03,기초설계2,전필,안승배,월,"3,4,5,6",목,"3,4,5,6"
1270-1-3699-04,기초설계2,전필,박선영,월,"3,4,5,6",목,"3,4,5,6"
1270-1-3838-01,주거론,전필,김진모,월,"7,8,9",,
1270-1-4545-01,디지털디자인,전필,정윤천,화,"3,4",,
1270-1-4545-02,디지털디자인,전필,정윤천,화,"5,6",,
1270-1-7830-01,건축표현기법,전선,채철균,월,"1,2",,
1270-2-0058-01,건축계획론,전선,정윤천,목,"1,2",,
1270-2-0069-01,건축설계2,전필,정윤천,월,"3,4,5,6",목,"3,4,5,6"
1270-2-0069-02,건축설계2,전필,김진모,월,"3,4,5,6",목,"3,4,5,6"
1270-2-0069-03,건축설계2,전필,채철균,월,"3,4,5,6",목,"3,4,5,6"
1270-2-0069-04,건축설계2,전필,정영한,월,"3,4,5,6",목,"3,4,5,6"
1270-2-0275-01,구조역학,전필,양원직,금,"5,6",,
1270-2-1783-01,한국건축사,전필,김승제,화,"5,6",,
1270-2-4185-01,실내디자인,전선,신유진,월,"1,2",,
1270-3-0071-01,건축설비,전필,,화,"1,2",,
1270-3-2011-01,건축설계4,전필,김승제,월,"3,4,5,6",목,"3,4,5,6"
1270-3-2011-02,건축설계4,전필,손석의,월,"3,4,5,6",목,"3,4,5,6"
1270-3-2011-03,건축설계4,전필,윤종인,월,"3,4,5,6",목,"3,4,5,6"
1270-3-2011-04,건축설계4,전필,최두원,월,"3,4,5,6",목,"3,4,5,6"
1270-3-4063-01,구조시스템,전필,손승현,금,"3,4",,
1270-3-4187-01,현대건축론,전선,채철균,목,"1,2",,
1270-3-4551-01,건축의장론,전선,,수,"5,6",,
1270-4-2767-01,건축설계6,전필,박열,월,"3,4,5,6",목,"3,4,5,6"
1270-4-2767-02,건축설계6,전필,조성용,월,"3,4,5,6",목,"3,4,5,6"
1270-4-2767-03,건축설계6,전필,임상진,월,"3,4,5,6",목,"3,4,5,6"
1270-4-2767-04,건축설계6,전필,한성희,월,"3,4,5,6",목,"3,4,5,6"
1270-4-4547-01,도시계획론,전필,박열,금,"1,2",,
1270-4-4550-01,건축시공,전필,유승준,수,"3,4",,
1270-4-7734-01,건축과사회문화,전선,조성용,화,"3,4",,
1270-5-5012-01,건축설계8,전필,채철균,수,1~10,,
1270-5-5012-02,건축설계8,전필,김승제,수,1~10,,
1270-5-5012-03,건축설계8,전필,신유진,수,1~10,,
1270-5-5012-04,건축설계8,전필,김진모,수,1~10,,
1270-5-5012-05,건축설계8,전필,조성용,수,1~10,,
1270-5-5012-06,건축설계8,전필,박열,수,1~10,,
1270-5-5012-07,건축설계8,전필,정윤천,수,1~10,,
1270-5-5014-01,건축실무,전필,박열,월,"1,2",,
6000-1-4627-01,벡터해석학및연습,기선,이현근,화,4 ,목,3 
6000-1-8610-01,프로그래밍기초,교필,현혜정,월,3 ,수,4 
6000-1-8610-02,프로그래밍기초,교필,한진섭,월,2 ,수,1 
6000-1-8610-03,프로그래밍기초,교필,김정재,월,1 ,수,2 
6000-1-8610-04,프로그래밍기초,교필,이종용,월,4 ,수,3 
6000-1-8610-05,프로그래밍기초,교필,유지우,월,5 ,수,6 
6000-1-8610-06,프로그래밍기초,교필,원일석,수,"7,8,9",,
6030-1-4626-01,대학수학및연습2,기선,이현근,화,3 ,목,4 
6030-1-4626-02,대학수학및연습2,기선,허민,화,1 ,목,2 
6030-1-8501-01,계산수학및프로그래밍,전선,이진우,월,3 ,수,4 
6030-2-0821-01,선형대수학2,전선,송영권,월,5 ,수,6 
6030-2-0876-01,수치해석1,전선,이현근,금,"3,4",,
6030-2-1506-01,정수론,전선,정민석,화,4 ,목,3 
6030-2-1823-01,해석학2,전선,이흥수,화,3 ,목,4 
6030-2-4562-01,다변수해석학,전선,이흥수,화,5 ,목,6 
6030-3-1122-01,위상수학2,전선,최윤철,금,"5,6",,
6030-3-1743-01,편미분방정식론,전선,이종우,화,5 ,목,6 
6030-3-1864-01,현대대수학2,전선,송영권,월,3 ,수,4 
6030-3-1864-02,현대대수학2,전선,김태균,화,4 ,목,3 
6030-3-4265-01,복소해석학2,전선,허민,화,3 ,목,4 
6030-3-8277-01,조합수학,전선,김상목,화,2 ,목,1 
6030-3-8502-01,확률론개론,전선,이호석,월,6 ,수,5 
6030-3-8505-01,빅데이터기계학습,전선,이진우,월,4 ,수,3 
6030-4-0608-01,미분기하학,전선,장정환,금,"1,2",,
6030-4-1161-01,응용수학특강,전선,이종우,금,"3,4",,
6030-4-6723-01,현대수학의이해,전선,허민,화,2 ,목,1 
6030-4-8276-01,수론특강,전선,김태균,화,6 ,목,5 
6030-4-8278-01,금융수학특론,전선,이호석,월,5 ,수,6 
6030-4-8503-01,조합수학심화세미나,전선,김상목,화,1 ,목,2 
6050-1-1224-01,일반화학및실험2,기선,장홍제,월,3,수,4 
6050-1-4626-01,대학수학및연습2,기선,정계선,화,5 ,목,6 
6050-1-4626-02,대학수학및연습2,기선,정계선,화,6 ,목,5 
6050-1-5221-01,일반물리및실험2,기필,조재원,화,3 ,목,4
6050-2-0722-01,분석화학2,전선,김양래,화,3 ,목,4 
6050-2-0984-01,양자화학1,전선,신재호,월,4 ,수,3 
6050-2-1136-01,유기화학2,전필,김병효,월,3 ,수,4 
6050-2-1138-01,유기화학실험2,전선,이윤미,화,"0,1,2",,
6050-2-1138-02,유기화학실험2,전선,이윤미,화,"5,6,7",,
6050-2-1138-03,유기화학실험2,전선,전흥배,수,"0,1,2",,
6050-3-0527-01,무기화학2,전선,장홍제,월,2 ,수,1 
6050-3-1933-01,화학동력학,전선,장락우,화,4 ,목,3 
6050-3-2848-01,신소재화학2,전선,김인태,화,6 ,목,5 
6050-3-2849-01,물리분석실험2,전선,장락우,월,"5,6,7",,
6050-3-2849-02,물리분석실험2,전선,신재호,목,"0,1,2",,
6050-3-7416-01,생유기화학,전선,이윤미,월,4 ,수,3 
6050-3-7708-01,화학콜로키움,전선,전흥배,화,5 ,목,6 
6050-3-7710-01,기기분석,전선,김양래,월,3 ,수,4 
6050-3-8507-01,전산화학,전선,장락우,화,"8,9,10",,
6050-4-0529-01,무기화학실험2,전선,장홍제,금,"0,1,2",,
6050-4-0529-02,무기화학실험2,전선,김인태,금,"5,6,7",,
6050-4-0801-01,생화학2,전선,전흥배,화,4 ,목,3 
6050-4-2850-01,유기분광학,전선,김인태,화,1 ,목,2 
6050-4-4163-01,캡스톤설계,전선,신재호,금,"3,4",,
6050-4-7417-01,유기반응,전선,김병효,수,"8,9,10",,
6050-4-7418-01,유기금속촉매반응,전선,이윤미,월,6 ,수,5 
6050-4-8064-01,물리화학특론2,전선,신재호,월,1 ,수,2 
6100-1-1224-01,일반화학및실험2,기선,김양래,월,4 ,수,3 
6100-1-4626-01,대학수학및연습2,기선,이진우,월,6 ,수,5 
6100-1-4626-02,대학수학및연습2,기선,이종우,화,3 ,목,4 
6100-1-5221-01,일반물리및실험2,기필,조광섭,월,3 ,수,4
6100-1-6915-01,생물학개론2,전선,박경순,월,2 ,수,1 
6100-1-6915-02,생물학개론2,전선,박경순,월,1 ,수,2 
6100-1-6915-03,생물학개론2,전선,박봉주,금,"1,2",,
6100-2-1016-01,역학2,전선,권기청,화,3 ,목,4 
6100-2-1411-01,전자기학1,전필,조광섭,월,2 ,수,1 
6100-2-1459-01,전자학2,전선,최은하,화,1 ,목,2 
6100-2-1461-01,전자학실험2,교선,최은하,금,"7,8,9",,
6100-2-1876-01,현대물리학2,전선,조재원,화,4 ,목,3 
6100-2-4566-01,물리수학2,전선,서윤호,월,3 ,수,4 
6100-3-0636-01,반도체소자물리학2,전선,조재원,화,6 ,목,5 
6100-3-0976-01,양자역학2,전선,정난주,화,3 ,목,4 
6100-3-2871-01,마이크로파물리학,전선,서윤호,월,1 ,수,2 
6100-3-4568-01,광전자실험,전선,김윤기,월,"7,8,9",월,4 
6100-3-4569-01,정보디스플레이개론,전선,박병주,월,4 ,수,3 
6100-3-6547-01,디지털회로설계및실험2,전선,김윤기,월,5 ,수,"6,7,8,9"
6100-3-7712-01,세포생물학2,전선,박봉주,금,"3,4",,
6100-4-2302-01,플라즈마물리학,전선,조광섭,화,5 ,목,6 
6100-4-4572-01,디스플레이소자실험,전선,박병주,목,"7,8,9",,
6100-4-5694-01,경력개발과취업전략,전선,권기청,화,"6,7",,
6100-4-6248-01,바이오물리학,전선,최은하,화,4 ,목,3 
6100-4-6250-01,시뮬레이션물리학,전선,김도영,금,"3,4",,
6100-4-8506-01,현대광학,전선,박병주,월,6 ,수,5 
6090-1-6370-01,생활속의응급처치,기선,박석,수,"5,6",,
6090-1-6370-02,생활속의응급처치,기선,박석,수,"7,8,9",,
6090-2-3211-01,스포츠사회학,전필,이경훈,월,"5,6",,
6090-2-3211-02,스포츠사회학,전필,이경훈,월,"7,8,9",,
6090-2-3217-01,트레이닝방법론,전필,박석,화,"3,4",,
6090-2-3217-02,트레이닝방법론,전필,박석,화,"7,8,9",,
6090-2-5492-01,스포츠미디어,전선,구송광,수,"5,6",,
6090-2-6371-01,오리엔티어링,전선,한지영,수,"1,2",,
6090-2-6551-01,전공축구2,전선,남용우,목,"3,4",,
6090-2-8508-01,운동기능해부학,전선,이진,목,"1,2",,
6090-2-8508-02,운동기능해부학,전선,박석,목,"7,8,9",,
6090-3-4191-01,여가학,전선,이경훈,수,"5,6",,
6090-3-4191-02,여가학,전선,이경훈,수,"7,8,9",,
6090-3-5204-01,운동발달및아동체육,전선,이옥진,월,"5,6",,
6090-3-5204-02,운동발달및아동체육,전선,이옥진,목,"7,8,9",,
6090-3-5268-01,전공골프2,전선,김재형,월,"3,4",,
6090-3-5493-01,동계스포츠,전선,최철순,화,"3,4",,
6090-3-5493-02,동계스포츠,전선,최철순,화,"7,8,9",,
6090-3-5497-01,스포츠영양학,전선,김희재,월,"3,4",,
6090-3-5497-02,스포츠영양학,전선,박석,월,"7,8,9",,
6090-3-7831-01,스포츠산업학,전선,이민섭,수,"3,4",,
6090-4-5022-01,현장실습2,전선,구송광,수,"3,4",,
6090-4-5022-02,현장실습2,전선,이경훈,목,"10,11,12",,
6090-4-6552-01,운동학습및제어,전선,이옥진,화,"5,6",,
6090-4-6552-02,운동학습및제어,전선,이옥진,화,"7,8,9",,
6090-4-7420-01,생활체육비교세미나,전선,김아람,화,"1,2",,
6090-4-7421-01,스포츠문화학,전선,박현애,목,"1,2",,
6090-4-8511-01,라켓스포츠2,전선,최철순,목,"5,6",,
6090-4-8511-02,라켓스포츠2,전선,최철순,목,"7,8,9",,
6090-4-8512-01,스포츠생체역학,전선,김미영,목,"3,4",,
6120-1-2993-01,정보화와현대사회,기선,정형원,토,"5,6",,
6120-1-7137-01,컴퓨터그래픽스1,기선,유수미,토,"1,2",,
6120-2-1763-01,프로그래밍언어1,전필,정미아,토,"1,2",,
6120-2-7423-01,IT융합콘텐츠,전선,권순철,토,"5,6",,
6120-2-7424-01,게임학의이해,전선,정형원,수,"9,10,11",,
6120-2-7735-01,정보학개론,전필,손광철,토,"3,4",,
6120-2-8516-01,엔터테인먼트학,전선,심선애,토,"3,4",,
6110-4-7892-01,모바일앱기획및제작,전선,김태규,수,"9,10,11",,
6110-4-7894-01,게임디자인,전선,정형원,금,"9,10,11",,
6110-4-7898-01,실무프로젝트2,전선,박성훈,토,"3,4",,
3000-1-8610-01,프로그래밍기초,교필,손광철,화,1 ,목,2 
3000-1-8610-02,프로그래밍기초,교필,손광철,화,2 ,목,1 
3000-1-8610-03,프로그래밍기초,교필,한현호,화,3 ,목,4 
3000-1-8610-04,프로그래밍기초,교필,김창형,화,4 ,목,3 
3000-1-8610-05,프로그래밍기초,교필,김창형,화,5 ,목,6 
3000-1-8610-06,프로그래밍기초,교필,한현호,화,6 ,목,5 
3000-1-8610-07,프로그래밍기초,교필,문석재,금,"1,2",,
3000-3-8607-01,인문창업프로세스와지식재산권,전선,박범철,월,"3,4",,
3040-1-0368-01,기초한문,전선,여기현,화,4 ,목,3 
3040-2-0272-01,구비문학론,전선,여기현,화,6 ,목,5 
3040-2-2779-01,국어음운의이해,전선,오정란,월,3 ,수,4 
3040-2-2780-01,국어문법의이해,전선,박성현,화,2 ,목,1 
3040-2-5509-01,우리의옛이야기문학,전선,손병국,화,1 ,목,2 
3040-2-6567-01,현대문학창작연습,전선,장석원,월,6 ,수,5 
E020-3-0173-01,고전문학사,전필,손병국,화,3 ,목,4 
E020-3-1884-01,현대시론,전선,장석원,월,5 ,수,6 
E020-3-5694-01,경력개발과취업전략,전선,장석원,금,"6,7",,
E020-3-6917-01,문체론과방언론,전선,오정란,월,4 ,수,3 
E020-3-6918-01,국어의미의이해,전선,김효진,월,6 ,수,5 
E020-3-8294-01,출판종합설계및미디어현장실습,전선,김성신,화,"5,6",,
E020-4-0177-01,고전문학특강,전선,이철희,수,"5,6",,
E020-4-6919-01,현대문학세미나,전선,고명철,월,4 ,수,3 
E020-4-6920-01,광고언어론,전선,오정란,금,"3,4",,
3050-1-1031-01,영문법1,전필,김용범,월,3 ,수,4 
3050-2-5236-01,영어학입문,전필,김선웅,월,6 ,수,5 
3050-2-8521-01,언어습득과영어교육,전선,이일재,월,5 ,수,6 
3050-2-8522-01,영화와영미문화,전선,신웅재,화,4 ,목,3 
3050-2-8523-01,어휘형태론과어휘지도,전선,임효정,월,3 ,수,4 
E030-3-0157-01,고급영작문,전선,김홍기,화,3 ,목,4 
E030-3-5694-01,경력개발과취업전략,전선,임효정,금,"6,7",,
E030-3-5881-01,영미드라마와실용영어,전선,신웅재,화,6 ,목,5 
E030-3-6251-01,영한대조분석,전선,김용범,월,5 ,수,6 
E030-3-8525-01,세계의영어,전선,김선웅,월,4 ,수,3 
E030-4-5251-01,영어의미와용법,전선,김용범,화,3 ,목,4 
E030-4-6921-01,미국문학과대중문화,전선,김홍기,화,5 ,목,6 
E030-4-7428-01,언어와심리,전선,임효정,월,6 ,수,5 
E030-4-8295-01,캡스톤설계프로젝트,전선,이일재,금,"3,4",,
3110-1-0960-01,심리학개론2,전선,이형철,월,1 ,수,2 
3110-2-0750-01,사회심리학,전선,이병관,화,4 ,목,3 
3110-2-0954-01,실험심리학,전필,김신우,월,4 ,수,3 
3110-2-1533-01,조사방법론,전선,김종대,화,"5,6",,
3110-2-1542-01,조직심리학,전필,박승립,금,"1,2",,
3110-2-1667-01,컴퓨터통계분석,전필,임혜빈,수,4 ,금,5 
3110-2-1667-02,컴퓨터통계분석,전필,이현준,월,"2,3",,
9050-3-0759-01,산업교육,전선,유태용,월,3 ,수,4 
9050-3-0836-01,소비자심리학,전선,이병관,화,5 ,목,6 
9050-3-4233-01,상담이론과실제,전선,이상희,금,"1,2",,
9050-3-8526-01,도덕성의심리적이해,전선,김신우,금,"3,4",,
9050-3-8527-01,리더십코칭,전선,정일진,화,"3,4",,
9050-4-4231-01,집단상담,전선,정영미,수,"3,4",,
9050-4-4234-01,가족상담,전선,이상희,화,6 ,목,5 
9050-4-4617-01,행동수정,전선,신미연,목,"3,4",,
9050-4-6924-01,코칭심리,전선,탁진국,월,2 ,수,1 
3170-1-1633-01,커뮤니케이션이론,전필,정일권,월,2 ,수,1 
3170-1-1633-02,커뮤니케이션이론,전필,문상현,월,4 ,수,3 
3170-2-0929-01,신문론,전선,주동황,월,4 ,금,3 
3170-2-1194-01,인간커뮤니케이션,전선,김현주,월,2 ,수,1 
3170-2-1629-01,커뮤니케이션연구방법론,전필,임소영,화,2 ,목,1 
3170-2-1629-02,커뮤니케이션연구방법론,전필,임소영,화,4 ,목,3 
3170-2-5531-01,미디어와젠더,전선,김예란,화,4 ,목,3 
3170-2-6569-01,글로벌광고와소비자,전선,부경희,화,6 ,목,5 
3170-2-6926-01,디지털영상프로덕션,전선,원종욱,화,"6,7,8,9",,
3170-2-6926-02,디지털영상프로덕션,전선,원종욱,수,"6,7,8,9",,
3170-2-7429-01,다큐멘터리의역사,전선,레이몬드,월,3 ,수,4 
3170-2-7737-01,UX/UI디자인,전선,오은석,월,"7,8,9,10",,
3170-2-7737-02,UX/UI디자인,전선,오은석,목,"4,5,6",,
3170-2-7738-01,디지털콘텐츠스토리텔링,전선,오문석,금,"0,1,2",,
3170-2-7738-02,디지털콘텐츠스토리텔링,전선,오문석,금,"4,5,6",,
3170-2-7740-01,HCI와UX평가,전선,정동훈,월,3 ,수,4 
3170-2-8111-01,PR캠페인사례분석,전선,이종혁,화,1 ,목,2 
3170-2-8528-01,실감미디어론,전선,정미정,월,"5,6",,
3170-2-8529-01,디지털미디어사회의이해,전선,정일권,월,4 ,수,3 
9060-3-5030-01,마케팅커뮤니케이션,전선,부경희,화,5 ,목,6 
9060-3-5536-01,커뮤니케이션과사회문제,전선,이창근,금,"4,5",,
9060-3-7741-01,앱개발이론과실습,전선,정동훈,수,"1,2,3",,
9060-3-8536-01,캡스톤디자인UX/UI디자인프로토타입,전선,이용주,금,"6,7,8,9",,
9060-3-8537-01,디지털미디어콘텐츠개발,전선,,월,"5,6,7",,
9060-3-8538-01,PR기획실습,전선,이종혁,화,2 ,목,1 
9060-4-3881-01,미디어윤리법제론,전선,주동황,월,6 ,금,5 
9060-4-8098-01,멀티미디어와문화분석,전선,김예란,화,6 ,목,5 
3210-2-5555-01,국제회의영어,전필,장정희,화,3 ,목,4 
3210-2-5555-02,국제회의영어,전필,장정희,화,4 ,목,3 
3210-2-5556-01,중국어비즈니스작문,전필,정소영,월,1 ,수,2 
3210-2-5556-02,중국어비즈니스작문,전필,정소영,월,2 ,수,1 
3210-2-5557-01,고급일본어연습,전필,최정아,월,3 ,수,4 
3210-2-5584-01,중국영상문화와공연,전선,전보옥,금,"5,6",,
3210-2-5585-01,일본영상문화론,전선,강태웅,화,3 ,목,4 
3210-2-6565-01,문화산업기획과연습,전선,박순,수,"3,4",,
3210-2-6934-01,SF장르와문화콘텐츠,전선,장정희,금,"3,4",,
3210-2-8287-01,브랜드기획제작실습,전선,원종욱,금,"0,1,2",,
3210-2-8570-01,공유문화산업기획론,전선,김희교,화,"5,6",,
3210-2-8571-01,한국영화문화론,전선,강성률,월,"5,6",,
3210-2-8572-01,한중관계와한류,전선,김희교,화,1 ,목,2 
3210-2-8573-01,한국전통콘텐츠의이해,전선,조영복,수,"3,4",,
D030-3-5578-01,현대문화이론,전선,강성률,금,"3,4",,
D030-3-5623-01,중국서사와문화원형,전선,전보옥,월,"3,4",,
D030-3-5694-01,경력개발과취업전략,전선,조영복,목,"6,7",,
D030-3-6192-01,문화상품제작실습,전선,김문석,수,"0,1,2",,
D030-3-6566-01,한국문화콘텐츠기획과분석,전선,조영복,화,6 ,목,5 
D030-3-6935-01,일본문화코드,전선,최정아,금,"5,6",,
D030-4-5619-01,문화산업과유통,전선,강태웅,목,"5,6",,
D030-4-5628-01,출판기획과실습,전선,조윤성,월,"5,6,7",,
D030-4-8576-01,한국현대시와콘텐츠활용,전선,조영복,수,"5,6",,
F000-1-8610-01,프로그래밍기초,교필,엄영현,금,"3,4",금,"3,4"
F000-1-8610-02,프로그래밍기초,교필,황치곤,금,"5,6",금,"5,6"
F000-1-8610-03,프로그래밍기초,교필,김보남,월,1 ,수,2 
F000-1-8610-04,프로그래밍기초,교필,김보남,월,2 ,수,1 
F000-1-8610-05,프로그래밍기초,교필,정미아,월,3 ,수,4 
6000-1-8610-06,프로그래밍기초,교필,원일석,수,"7,8,9",,
F020-1-8090-01,Public Administration in Society,전선,이혜영,월,"3,4",,
F020-1-8091-01,행정현장의이해,전선,박시진,금,"1,2,3",,
F020-1-8282-01,행정과법,전선,정영철,월,"7,8,9",,
F020-2-2185-01,도시행정론,전선,류형석,목,"5,6",,
F020-2-2813-01,인사행정론,전선,조기웅,화,"3,4",,
F020-2-4213-01,행정조사방법론,전선,박시진,수,"3,4",,
F020-2-4891-01,정부재정론,전선,서승현,월,"3,4",,
F020-2-5025-01,사회복지정책론,전선,정진경,목,"1,2",,
9030-3-1843-01,행정사,전선,이대희,화,"5,6",,
9030-3-3406-01,재무행정론,전필,박종구,화,"3,4",,
9030-3-5694-01,경력개발과취업전략,전선,정진경,금,"6,7",,
9030-3-8094-01,정책설계와집행,전선,이혜영,수,"3,4",,
9030-3-8096-01,과학기술정책론,전선,김명신,수,"5,6",,
9030-3-8285-01,비영리섹터론,전선,정진경,목,"4,5",,
9030-4-4894-01,행정및정책사례세미나,전선,김주찬,월,"1,2",,
9030-4-7880-01,기상산업정책실무,전선,최영훈,월,"5,6",,
9030-4-7881-01,창업전략기획,전선,최영훈,금,"3,4",,
9030-4-8284-01,글로벌국가행정,전선,최영훈,금,"1,2",,
F030-1-0620-01,민법총칙2,전선,김민동,월,3 ,수,4 
F030-1-0620-02,민법총칙2,전선,이춘원,월,1 ,수,2 
F030-1-0620-03,민법총칙2,전선,이홍렬,금,"1,2",,
F030-1-1857-01,헌법2,전선,김진곤,월,4 ,수,3 
F030-1-1857-02,헌법2,전선,김종일,화,"8,9,10",,
F030-1-1857-03,헌법2,전선,이승현,수,"5,6",,
F030-1-4219-01,형법총론1,전선,박상열,월,5 ,수,6 
F030-1-4219-02,형법총론1,전선,박상열,월,6 ,수,5 
F030-1-4219-03,형법총론1,전선,한재경,월,2 ,수,1 
F030-1-6139-01,법률용어론,기선,이춘원,화,"1,2",,
F030-1-6139-02,법률용어론,기선,최명순,토,"1,2",,
F030-2-0316-01,국제법2,전선,유선봉,화,3 ,목,4 
F030-2-0316-02,국제법2,전선,유선봉,화,5 ,목,6 
F030-2-1587-01,채권각론,전선,김민동,월,4 ,수,3 
F030-2-1587-02,채권각론,전선,이춘원,월,2 ,수,1 
F030-2-1837-01,행정구제법,전필,정영철,화,3 ,목,4 
F030-2-1837-02,행정구제법,전필,정영철,화,6 ,목,5 
F030-2-1893-01,형법각론,전선,한재경,화,1 ,목,2 
F030-2-1893-02,형법각론,전선,한재경,화,2 ,목,1 
F030-2-3182-01,특허법,전필,이영훈,목,"3,4",,
F030-2-3182-02,특허법,전필,전정화,수,"7,8,9",,
F030-2-3824-01,회사법,전필,서의경,화,1 ,목,2 
F030-2-3824-02,회사법,전필,서의경,화,2 ,목,1 
F030-2-5562-01,법정보학,전선,성준호,목,"1,2",,
4050-3-0041-01,가족법,전선,이홍렬,금,"3,4",,
4050-3-0041-02,가족법,전선,최명순,금,"9,10,11",,
4050-3-0299-01,국제거래법,전선,한종규,금,"3,4",,
4050-3-0677-01,법철학,전선,김현수,금,"5,6",,
4050-3-0831-01,세법,전선,길용원,화,"3,4",,
4050-3-1817-01,해상보험법,전선,서의경,화,5 ,목,6 
4050-3-1817-02,해상보험법,전선,서의경,화,6 ,목,5 
4050-3-1838-01,행정법각론,전선,정영철,월,5 ,수,6 
4050-3-3867-01,헌법소송법,전필,김진곤,월,5 ,수,6 
4050-3-3867-02,헌법소송법,전필,김진곤,월,6 ,수,5 
4050-3-3868-01,인터넷법이론과실무,전선,김형렬,목,"1,2",,
4050-3-5539-01,영문계약실무크리닉,전필,신만중,월,"2,3",,
4050-3-5568-01,디자인보호법,전선,이영훈,화,"5,6",,
4050-4-0625-01,민사소송실무,전선,채수영,월,"5,6",,
4050-4-3869-01,저작권법,전선,김홍,수,"5,6",,
4050-4-5542-01,민사판례세미나,전선,이춘원,금,"3,4",,
4050-4-5543-01,상사판례세미나,전선,남기윤,월,"4,5",,
4050-4-5573-01,정보보호법이론과실무,전선,김형렬,목,"3,4",,
4050-4-7394-01,동물법,전선,유선봉,화,2 ,목,1 
F050-1-0350-01,기업법,전선,서의경,수,"7,8,9",,
F050-1-6967-01,채권법,전선,김민동,수,"10,11,12",,
F050-1-7718-01,자산관리원론,전선,박합수,토,"1,2",,
F050-2-0121-01,경제법,전필,손봉현,목,"10,11,12",,
F050-2-8124-01,법논리학,교선,정영철,토,"3,4",,
F050-2-8543-01,자산범죄론,전선,한재경,수,"7,8,9",,
F050-2-8544-01,부동산공법,전선,정영철,수,"10,11,12",,
F050-2-8545-01,국제거래와계약,전선,유선봉,목,"7,8,9",,
4100-3-7843-01,부동산권리분석론,전선,신만중,목,"7,8,9",,
4100-3-8550-01,금융법제론,전필,박동열,토,"6,7",,
4100-3-8551-01,경제와자산변동,전선,한마크만균,목,"10,11,12",,
4100-3-8552-01,분쟁과소송,전선,신만중,토,"1,2",,
4090-4-8077-01,해외부동산론,전선,김현수,수,"10,11,12",,
4090-4-8078-01,부동산분쟁사례연구,전선,이장희,토,"5,6",,
4090-4-8079-01,정보통신법,전선,김진영,수,"7,8,9",,
F040-1-7400-01,동아시아역사2,전필,김광열,월,4 ,수,3 
F040-1-8107-01,국제정치론2,전선,전진호,화,4 ,목,3 
F041-2-5598-01,국제협상입문,전선,오세정,월,"1,2",,
F041-2-5887-01,동북아전쟁과평화,전선,오일환,금,"1,2",,
F041-2-6573-01,현대중국사회론,전선,장수현,수,"6,7",,
F041-2-6937-01,동북아도시와지역,전선,장수현,화,4 ,목,3 
D161-3-2719-01,한일관계론,전선,전진호,화,6 ,목,5 
D161-3-5638-01,중국정치외교론,전선,연상모,수,"3,4",수,"3,4"
D161-3-5694-01,경력개발과취업전략,전선,장수현,목,"6,7",목,"6,7"
D161-3-6938-01,미국정치외교론,전선,오세정,월,"3,4",월,"3,4"
D161-3-8099-01,동아시아환경과에너지정책,전선,윤이숙,월,"5,6",월,"5,6"
D161-3-8100-01,중국의제도와관행,전선,션지아,금,"1,2",금,"1,2"
D161-3-8823-01,중국기업경영론,전선,션지아,화,3 ,목,4 
D161-4-5652-01,신안보문제세미나,전선,전진호,수,"3,4",수,"3,4"
D161-4-6202-01,중미관계론,전선,이현휘,수,"1,2",수,"1,2"
D161-4-8299-01,Capstone Design Seminar : 일본,전선,김광열,화,"5,6",화,"5,6"
5000-1-8610-01,프로그래밍기초,교필,롤랜드,월,4 ,수,3 
5000-1-8610-02,프로그래밍기초,교필,롤랜드,월,5 ,수,6 
5000-1-8610-03,프로그래밍기초,교필,롤랜드,월,6 ,수,5 
5000-1-8610-04,프로그래밍기초,교필,문만기,화,1 ,목,2 
5000-1-8610-05,프로그래밍기초,교필,문만기,화,2 ,목,1 
5000-3-8824-01,핀테크스타트업,전선,임승태,월,"1,2",,
5080-1-0109-01,경영통계,기선,이석준,화,1 ,목,2 
5080-1-0109-02,경영통계,기선,이석준,화,2 ,목,1 
5080-1-1970-01,회계원리,전필,박애영,화,3 ,목,4 
5080-1-1970-02,회계원리,전필,김상미,금,"3,4",,
5080-1-1970-03,회계원리,전필,윤용석,수,"1,2",,
5080-1-4929-01,경영과컴퓨터,기선,서상구,월,3 ,수,4 
5080-1-4929-02,경영과컴퓨터,기선,최정현,화,4 ,목,3 
5080-1-8553-01,경영학의이해,전선,이홍,월,5 ,수,6 
5080-2-0092-01,경영과학,전선,김지현,월,5 ,수,6 
5080-2-0092-02,경영과학,전선,김지현,월,6 ,수,5 
5080-2-0225-01,관리회계,전선,박애영,화,4 ,목,3 
5080-2-0508-01,마케팅,전필,조은성,월,3 ,수,4 
5080-2-0508-02,마케팅,전필,하용수,화,2 ,목,1 
5080-2-0508-03,마케팅,전필,하용수,금,"5,6",,
5080-2-1277-01,재무관리,전필,한재현,화,3 ,목,4 
5080-2-1277-02,재무관리,전필,허경선,금,"3,4",,
5080-2-1277-03,재무관리,전필,,금,"5,6",,
5080-2-4900-01,생산운영관리,전필,김기윤,월,3 ,수,4 
5080-2-4900-02,생산운영관리,전필,김기윤,월,5 ,수,6 
5080-2-4900-03,생산운영관리,전필,정석재,화,3 ,목,4 
5080-2-4900-04,생산운영관리,전필,정석재,화,5 ,목,6 
5080-2-5261-01,인터넷기반기술,전선,최정현,,,,
5080-2-5358-01,재무회계,전선,최승욱,화,4 ,목,3 
5080-2-5358-02,재무회계,전선,최승욱,화,5 ,목,6 
5080-2-5358-03,재무회계,전선,최승욱,화,6 ,목,5 
5080-2-8554-01,조직행동,전필,김정식,월,3 ,수,4 
5080-2-8554-02,조직행동,전필,김정수,화,1 ,목,2 
5080-2-8555-01,MIS개론,전필,김신곤,월,1 ,수,2 
5080-2-8555-02,MIS개론,전필,김신곤,월,2 ,수,1 
5080-2-8556-01,비즈니스데이터분석,전선,하병국,월,2 ,수,1 
5080-2-8556-02,비즈니스데이터분석,전선,하병국,월,1 ,수,2 
5080-2-8557-01,소비자행동,전선,변숙은,월,6 ,수,5 
5080-2-8557-02,소비자행동,전선,변숙은,금,"4,5",,
5080-3-0917-01,시스템분석및설계,전선,권영철,금,"5,6",,
5080-3-2017-01,정보화전략,전선,김상훈,월,3 ,수,4 
5080-3-2923-01,경영전략,전선,김선영,금,"1,2",,
5080-3-3581-01,CRM,전선,조재희,화,3 ,목,4 
5080-3-3890-01,인적자원관리,전선,정구혁,화,3 ,목,4 
5080-3-3890-02,인적자원관리,전선,정구혁,화,4 ,목,3 
5080-3-3918-01,SCM,전선,정석재,월,6 ,수,5 
5080-3-3918-02,SCM,전선,진석호,금,"5,6",,
5080-3-5148-01,증권투자론,전선,이효정,화,4 ,목,3 
5080-3-5218-01,경영데이터베이스,전선,서상구,월,5 ,수,6 
5080-3-5544-01,중급회계2,전선,김수인,금,"3,4",,
5080-3-5886-01,마케팅조사,전선,박태훈,화,"5,6",,
5080-3-6106-01,기업재무론,전선,한재현,화,5 ,목,6 
5080-3-8561-01,비즈니스와사회적공헌,전선,김정식,월,5 ,수,6 
5080-3-8562-01,소셜미디어마케팅,전선,하용수,화,6 ,목,5 
5080-3-8606-01,소셜분석과온라인창업,전선,박범철,월,"7,8,9",,
5080-4-0829-01,세무회계,전선,지병규,수,"1,2",,
5080-4-1543-01,조직이론,전선,김찬모,금,"2,3",,
5080-4-2183-01,재무분석,전선,송영출,금,"3,4",,
5080-4-4222-01,브랜드관리,전선,김상률,화,"7,8,9",,
5080-4-5217-01,파생금융상품론,전선,이효정,화,5 ,목,6 
5080-4-5217-02,파생금융상품론,전선,이효정,화,6 ,목,5 
5080-4-7882-01,성공적인창업계획,전선,이현경,월,4 ,수,3 
5080-4-8084-01,재무설계2,전선,송영출,금,"1,2",,
5080-4-8566-01,소셜네트워크분석,전선,조재희,화,4 ,목,3 
5080-4-8567-01,벤처경영,전선,오왕근,화,"5,6",,
5080-4-8568-01,IT융합비즈니스모델,전선,김상훈,월,1 ,수,2 
5100-2-0048-01,거시경제학,전필,권태한,월,1 ,수,2 
5100-2-0048-02,거시경제학,전필,권태한,월,5 ,수,6 
5100-2-0048-03,거시경제학,전필,임종수,화,3 ,목,4 
5100-2-0542-01,무역영어,전선,홍의,화,1 ,목,2 
5100-2-0542-02,무역영어,전선,홍의,화,2 ,목,1 
5100-2-0613-01,미시경제학,전필,김기영,화,5 ,목,6 
5100-2-0613-02,미시경제학,전필,김기영,화,6 ,목,5 
5100-2-0613-03,미시경제학,전필,김기영,금,"5,6",,
5100-2-0613-04,미시경제학,전필,현정환,화,3 ,목,4 
5100-2-3183-01,국제e-비즈니스론,전선,심상렬,월,6 ,수,5 
5100-2-3516-01,생활속의통계,전선,임종수,화,4 ,목,3 
5100-2-5555-01,국제회의영어,전필,황은하,화,5 ,목,6 
5100-2-5555-02,국제회의영어,전필,황은하,화,6 ,목,5 
5100-2-5556-01,중국어비즈니스작문,전필,김수정,월,4 ,수,3 
5100-2-5557-01,고급일본어연습,전필,최정아,월,5 ,수,6 
D020-2-2802-01,국제기업경영론,전필,조규진,월,2 ,수,1 
D020-2-2802-02,국제기업경영론,전필,조규진,월,3 ,수,4 
D020-3-0320-01,국제수지론,전선,권태한,월,3 ,수,4 
D020-3-1101-01,외환시장론,전선,현정환,화,4 ,목,3 
D020-3-1784-01,한국경제론,전선,조한상,월,"3,4",,
D020-3-3566-01,한일통상론,전필,이향철,월,6 ,수,5 
D020-3-5592-01,동북아복합운송론,전선,김민경,금,"3,4",,
D020-3-5606-01,한중통상론,전필,이향철,금,"2,3",,
D020-3-5694-01,경력개발과취업전략,전선,권태한,목,"6,7",,
D020-3-6258-01,국제계약과분쟁해결,전선,이주원,목,"1,2",,
D020-3-8081-01,기업가정신과startup,전선,심상렬,화,"3,4",,
D020-3-8113-01,전시기획및바이어상담실습,전선,심상렬,금,"5,6",,
D020-4-0547-01,무역정책론,전선,현정환,금,"3,4",,
D020-4-3844-01,중국경제지리,전선,,,,,
D020-4-5604-01,WTO와무역규범,전선,임종수,화,6 ,목,5 
D020-4-5610-01,한국산업분석론,전선,이무영,금,"1,2",,
D020-4-6185-01,일본산업유통론,전선,이향철,화,5 ,목,6 
D060-4-1784-01,한국경제론,전선,조한상,월,"3,4",,
D060-4-4226-01,위험관리론,전선,김형준,수,"2,3",,
D060-4-4228-01,무역시뮬레이션,전선,배상필,목,"5,6",,
D060-4-4261-01,산업분석론,전선,이무영,금,"1,2",,
D000-1-3794-01,중국어회화2,기필,성은리,월,6 ,수,5 
D000-1-5369-01,원어민중국어회화2,기필,김수정,월,2 ,수,1 
D000-1-5370-01,영화속의한중일,전필,강성률,금,"5,6",,
D000-1-5552-01,동북아지리탐색,전필,김봉식,수,"1,2",,
D000-1-5553-01,국제정치의이해,전필,전진호,화,4 ,목,3 
D000-1-5741-01,일본어회화2,기필,김경화,금,"3,4",,
D000-1-7002-01,원어민일본어회화2,기필,다와라기하루미,화,3 ,목,4 
D000-2-5554-01,국제경제의이해,전필,정연길,수,"5,6",,
D000-2-5555-01,국제회의영어,전필,황정미,화,3 ,목,4 
D000-2-5556-01,중국어비즈니스작문,전필,이현선,화,6 ,목,5 
D000-2-5557-01,고급일본어연습,전필,박현정,화,4 ,목,3 